ID,1750,1751,1752,1753,1754,1755,1756,1757,1758,1759,1760,1761,1762,1763,1764,1765,1766,1767,1768,1769,1770,1771,1772,1773,1774,1775,1776,1777,1778,1779,1780,1781,1782,1783,1784,1785,1786,1787,1788,1789,1790,1791,1792,1793,1794,1795,1796,1797,1798,1799,1800,1801,1802,1803,1804,1805,1806,1807,1808,1809,1810,1811,1812,1813,1814,1815,1816,1817,1818,1819,1820,1821,1822,1823,1824,1825,1826,1827,1828,1829,1830,1831,1832,1833,1834,1835,1836,1837,1838,1839,1840,1841,1842,1843,1844,1845,1846,1847,1848,1849,1850,1851,1852,1853,1854,1855,1856,1857,1858,1859,1860,1861,1862,1863,1864,1865,1866,1867,1868,1869,1870,1871,1872,1873,1874,1875,1876,1877,1878,1879,1880,1881,1882,1883,1884,1885,1886,1887,1888,1889,1890,1891,1892,1893,1894,1895,1896,1897,1898,1899,1900,1901,1902,1903,1904,1905,1906,1907,1908,1909,1910,1911,1912,1913,1914,1915,1916,1917,1918,1919,1920,1921,1922,1923,1924,1925,1926,1927,1928,1929,1930,1931,1932,1933,1934,1935,1936,1937,1938,1939,1940,1941,1942,1943,1944,1945,1946,1947,1948,1949,1950,1951,1952,1953,1954,1955,1956,1957,1958,1959,1960,1961,1962,1963,1964,1965,1966,1967,1968,1969,1970,1971,1972,1973,1974,1975,1976,1977,1978,1979,1980,1981,1982,1983,1984,1985,1986,1987,1988,1989,1990,1991,1992,1993,1994,1995,1996,1997,1998,1999,2000,2001,2002,2003,2004,2005,2006,2007,2008,Country Name,Country Code,Data Source,Spatial Scale,Unit,Metric,Technology Name
Telegraph Traffic_Total Number_AU,,,,,,,,,,,,,,,,,,,,,,,,,,,,,,,,,,,,,,,,,,,,,,,,,,,,,,,,,,,,,,,,,,,,,,,,,,,,,,,,,,,,,,,,,,,,,,,,,,,,,,,,,,,,,,,,,,0.4573131,0.5112878,0.5682066,0.6035355,0.5475981,0.5593744,0.6231627,0.8478938,1.004911,1.469094,1.500497,1.853786,2.189411,2.531905,2.939169,3.199229,3.245353,3.608456,4.18255,4.924458,5.246343,5.693843,6.064796,6.420048,7.061857,8.465199,8.518192,9.074623,10.64096,8.680666,7.995004,7.401641,7.349997,7.826884,7.888418,8.044451,8.822413,9.208088,8.074618,8.174717,8.904848,8.860687,9.318,10.347,11.124,11.555,11.577,12.492,13.093,13.641,13.864,14.244,,14.326,14.481,15.041,15.855,18.413,17.197,16.296,16.369,17.267,17.773,18.333,17.994,17.368,17.154,16.506,13.631,13.291,13.417,14.051,15.303,16.203,17.015,17.71,17.998,18.356,20.311,24.991,31.253,34.721,36.59,37.017,34.716,35.715,36.77,36.728,35.862,28.409,24.614,23.819,24.089,23.974,22.511,21.454,21.149,20.848,20.33,20.174,20.417,21.77,,,23.467,23.784,23.249,,21.114,20.081,20.435,20.463,18.494,15.152,12.48,10.91,8.608995,6.608544,6.158321,5.425797,4.929334,4.464509,4.329443,,,,,,,,,,,,,,,,,,,,,,,,Australia,AU,CHAT,National,-,Total Number,Telegraph Traffic
Telegraph Traffic_Total Number_NL,,,,,,,,,,,,,,,,,,,,,,,,,,,,,,,,,,,,,,,,,,,,,,,,,,,,,,,,,,,,,,,,,,,,,,,,,,,,,,,,,0.0,0.0,0.0,0.0,0.0,0.0,0.0,0.0,0.0,0.0,0.0,0.0,0.0,0.0,0.0,0.0,0.0,0.0,0.0,0.0,0.0,0.0,0.001,0.046,0.103,0.105,0.192,0.227,0.266,0.392,0.417,0.483,0.532,0.659,0.809,0.974,1.097,1.123,1.51,1.646,1.854,2.056,2.036,2.082,2.104,2.215,2.377,2.405,2.413,2.705,3.109,3.282,3.365,3.38,3.184,3.183,3.213,3.375,3.553,3.695,3.798,4.014,3.924,4.021,4.034,4.237,4.259,4.459,4.724,4.923,5.067,5.392,5.503,5.671,5.608,5.919,5.974,5.97,5.943,6.171,6.173,6.404,6.544,6.477,7.348,8.195,7.982,7.256,7.814,10.259,10.165,9.804,8.458,7.915,8.692,8.416,8.443,8.113,8.03,7.808,7.191,6.521,5.529,5.314,4.901,4.547,4.715,5.306,5.429,5.888,3.807,1.802,4.722,7.991,7.077,3.703,9.447,8.219,8.722,8.609,8.476,7.748,7.233,7.178,7.071,7.15,7.198,6.725,6.323,6.329,6.292,6.006,5.903,5.864,5.906,3.7,3.527,3.196,3.051,2.868,2.771,2.508,2.134,2.031,1.989,1.806,1.617,1.47,1.36,1.272,1.202,1.066,0.968,0.879,,0.773,0.733,0.708,0.658,0.54,0.278,,,,,,,,,,,,,,,,,,,Netherlands,NL,CHAT,National,-,Total Number,Telegraph Traffic
Telegraph Traffic_Total Number_MA,,,,,,,,,,,,,,,,,,,,,,,,,,,,,,,,,,,,,,,,,,,,,,,,,,,,,,,,,,,,,,,,,,,,,,,,,,,,,,,,,,,,,,,,,,,,,,,,,,,,,,,,,,,,,,,,,,,,,,,,,,,,,,,,,,,,,,,,,,,,,,,,,,,,,,,,,,,,,,,,,,,,,,,,,,,,,,,,,,,1.160707,1.243056,1.237996,1.290902,1.251337,1.029593,1.00429,,,,0.7521825,0.8474129,0.929762,1.075138,1.18693,1.332766,1.27342,1.140005,1.094,1.571,1.312,1.309,1.294,1.326,1.35,1.336,1.248,1.265,1.412,1.172,,0.89,0.878,0.791,0.8,0.821,0.846,0.782,0.816,0.859,0.849,0.863,1.005,1.013,0.855,0.84,0.808,0.83,0.814,0.953,0.874,0.966,0.967,0.958,1.122,0.992,0.883,1.13,1.072,0.987,1.312,1.178,1.199,1.204,1.137,0.953,,,,,,,,,,,,,,,,Morocco,MA,CHAT,National,-,Total Number,Telegraph Traffic
Telegraph Traffic_Total Number_GB,,,,,,,,,,,,,,,,,,,,,,,,,,,,,,,,,,,,,,,,,,,,,,,,,,,,,,,,,,,,,,,,,,,,,,,,,,,,,,,,,,,,,,,,,,,,,,,,,,,,,,,,,,,,,,,,,,,,,,,,,7.5,9.5,12.0,13.9,15.3,16.7,17.3,17.8,19.7,21.3,24.0,25.2,25.7,26.3,26.7,31.4,40.3,42.8,46.3,50.0,53.4,56.0,56.1,56.9,57.4,63.3,63.8,66.7,69.8,72.6,71.9,72.6,74.3,72.3,71.5,71.8,71.9,69.0,68.1,69.8,69.6,71.6,71.0,69.9,73.2,67.6,63.4,64.2,71.5,81.1,71.0,67.0,64.0,63.0,63.0,62.0,60.0,59.0,58.0,57.0,53.0,49.0,46.0,47.0,44.0,52.0,58.0,57.0,58.0,63.0,61.0,67.0,76.0,71.0,71.0,74.0,63.0,58.0,54.0,52.0,65.0,62.0,58.0,56.0,48.0,43.0,39.0,37.0,35.0,35.0,35.0,34.0,33.0,31.0,32.0,31.0,31.0,31.0,29.0,29.0,26.0,27.0,27.0,28.0,26.0,21.0,19.0,17.0,17.0,16.0,14.0,12.0,7.7,5.7,,,,,,,,,,,,,,,,,,,,,,,,,,United Kingdom,GB,CHAT,National,-,Total Number,Telegraph Traffic
Telegraph Traffic_Total Number_BE,,,,,,,,,,,,,,,,,,,,,,,,,,,,,,,,,,,,,,,,,,,,,,,,,,,,,,,,,,,,,,,,,,,,,,,,,,,,,,,,,0.0,0.0,0.0,0.0,0.0,0.0,0.0,0.0,0.0,0.0,0.0,0.0,0.0,0.0,0.0,0.0,0.0,0.0,0.0,0.0,0.0,,,0.2,0.2,0.2,0.2,0.2,0.2,0.3,0.3,0.5,0.5,0.7,0.9,1.2,1.9,2.2,2.6,2.9,3.5,4.1,4.1,4.5,4.7,5.0,5.0,5.0,5.2,5.5,5.9,6.6,6.9,7.0,6.8,6.8,6.6,6.8,7.3,7.7,8.1,8.4,8.0,8.3,8.3,8.5,8.4,9.2,10.3,12.3,14.3,14.2,14.0,14.1,15.6,18.6,19.2,20.1,18.1,17.9,20.7,22.1,23.7,25.8,,,,,,,24.0,20.4,19.0,20.3,18.4,14.7,14.2,12.2,11.3,11.9,10.9,9.8,8.2,7.6,7.0,7.1,7.4,7.7,7.4,7.6,,1.0,2.1,3.9,2.8,5.6,9.8,10.3,9.7,9.2,9.4,9.2,8.7,8.6,8.6,8.8,8.7,8.3,7.8,7.3,7.3,7.0,7.0,7.0,7.0,7.066,7.092,6.625,6.388,6.391,6.678,4.772,4.464,4.352,4.167,3.705,3.219,2.789,2.555,2.375,2.306,2.08,1.877,1.686,1.344,1.174,1.052,0.967,0.891,0.868,0.816,0.77,0.643,,,,,,,,,,,,,,,,,Belgium,BE,CHAT,National,-,Total Number,Telegraph Traffic
Telegraph Traffic_Total Number_DZ,,,,,,,,,,,,,,,,,,,,,,,,,,,,,,,,,,,,,,,,,,,,,,,,,,,,,,,,,,,,,,,,,,,,,,,,,,,,,,,,,,,,,,,,,,,,,,,,,,,,,,,,,,,,,,,,,,,,,,0.263,0.298,0.445,0.49,0.487,0.554,0.553,0.593,0.556,0.627,0.65,0.712,0.804,975.0,1.008,1.078,1.111,1.175,1.216,1.218,1.224,1.223,1.208,1.221,1.277,1.294,1.245,,1.516,1.575,1.674,1.883,2.146,2.297,2.396,2.456,2.549,2.581,2.726,2.903,2.916,2.742,,,2.915,3.089,,,,,,,,,,,,,,2.871,2.652,2.776,2.878,2.95,2.741,2.91,2.31,2.28,2.279,2.603,2.249,,2.2,1.8,1.7,2.7,3.2,2.9,2.5,2.2,2.2,1.965,1.619,1.651,1.722,1.694,1.718,1.773,2.032,2.401,2.489,2.493,2.27,2.246,,,1.237,1.043,0.969,1.107,1.066,1.158,1.269,1.454,1.58,1.751,1.876,2.01,2.082,2.222,2.416,2.494,3.223,3.269,3.602,3.462,3.14,3.325,2.966,2.813,2.502,2.162,2.034,1.907,1.873,1.882,1.786,,,,,,,,,,,,,,,,Algeria,DZ,CHAT,National,-,Total Number,Telegraph Traffic
Telegraph Traffic_Total Number_PL,,,,,,,,,,,,,,,,,,,,,,,,,,,,,,,,,,,,,,,,,,,,,,,,,,,,,,,,,,,,,,,,,,,,,,,,,,,,,,,,,,,,,,,,,,,,,,,,,,,,,,,,,,,,,,,,,,,,,,,,,,,,,,,,,,,,,,,,,,,,,,,,,,,,,,,,,,,,,,,,,,,,,,,,,,,5.9,6.7,6.9,7.0,7.1,7.9,7.0,7.4,7.0,6.5,5.7,4.6,3.3,2.8,2.9,3.2,3.4,3.5,3.8,,,,,,,,5.5,6.9,5.5,5.7,6.5,7.2,7.9,8.5,9.0,9.0,10.0,10.0,10.0,10.0,9.9,10.0,11.0,12.0,12.0,12.0,13.0,14.0,15.0,15.0,15.0,16.0,16.0,14.0,14.0,16.0,18.0,18.0,19.0,19.0,19.0,18.0,12.0,15.0,16.0,17.0,18.0,16.0,16.0,18.0,12.0,10.0,8.0,7.0,,,,,,,,,,,,,,,,Poland,PL,CHAT,National,-,Total Number,Telegraph Traffic
Telegraph Traffic_Total Number_MM,,,,,,,,,,,,,,,,,,,,,,,,,,,,,,,,,,,,,,,,,,,,,,,,,,,,,,,,,,,,,,,,,,,,,,,,,,,,,,,,,,,,,,,,,,,,,,,,,,,,,,,,,,,,,,,,,,,,,,,,,,,,,,,,,,,,,,,,,,,,,,,,,,,,,,,,,,,,,,,,,,,,,,,,,,,,,,,,,,,,,,,,,,,,,,,,,,,,,,,,0.47,0.61,0.732,0.764,0.903,0.752,1.004,0.825,1.004,0.866,0.91,0.896,0.604,,0.971,0.897,0.984,0.989,0.956,,1.311,1.695,1.461,1.537,1.614,1.196,1.576,1.357,1.289,1.349,1.358,,,,1.015,,,,,,,,,,,,,,,,,,,,,,,,,,Burma,MM,CHAT,National,-,Total Number,Telegraph Traffic
Telegraph Traffic_Total Number_TH,,,,,,,,,,,,,,,,,,,,,,,,,,,,,,,,,,,,,,,,,,,,,,,,,,,,,,,,,,,,,,,,,,,,,,,,,,,,,,,,,,,,,,,,,,,,,,,,,,,,,,,,,,,,,,,,,,,,,,,,,,,,,,,,,,,,,,,,,,,,,,,,,,,,,,,,,,,,,,,,,0.17,0.175,0.173,0.166,0.16,0.158,0.158,0.177,0.223,0.242,0.237,0.229,0.214,0.244,0.235,0.242,0.235,0.319,0.368,0.334,0.382,0.277,0.349,0.37,0.426,0.453,0.44,0.457,0.463,0.52,0.569,0.664,0.906,1.276,1.179,,0.815,,0.928,,1.166,,1.893326,1.97371,2.10864,2.079931,2.377064,2.697165,2.761759,2.322518,2.58233,2.791903,3.127792,3.94742,4.332114,4.757,5.391,5.92,6.414,6.534,6.546,6.247,5.382,5.795,6.262,6.467,6.773,7.132,7.518,7.981,8.677,8.549,8.16,8.583,8.598,7.654,7.611539,6.999907,6.868482,6.7411,6.544974,6.437812,6.345814,6.358956,,,,,,,,,,,,,,,,Thailand,TH,CHAT,National,-,Total Number,Telegraph Traffic
Telegraph Traffic_Total Number_SY,,,,,,,,,,,,,,,,,,,,,,,,,,,,,,,,,,,,,,,,,,,,,,,,,,,,,,,,,,,,,,,,,,,,,,,,,,,,,,,,,,,,,,,,,,,,,,,,,,,,,,,,,,,,,,,,,,,,,,,,,,,,,,,,,,,,,,,,,,,,,,,,,,,,,,,,,,,,,,,,,,,,,,,,,,,,,,,,,,,0.129,0.128,0.121,0.115,0.081,0.052,0.055,0.052,0.03,0.064,0.064,0.068,0.061,0.08,0.077,,0.105,0.155,0.224,0.166,0.196,0.226,0.24,0.567,0.546,0.513,0.515,0.524,0.542,0.488,0.569,0.542,0.425,0.389,0.498,0.503,0.464,0.511,,0.391,0.388,0.389,0.367,0.401,0.445,0.493,0.482,0.508,0.491,0.452,0.425,0.404,0.432,0.425,0.338,0.289,0.267,0.253,0.241,0.224,0.236,,,,,,,,,,,,,,,,,,,,,Syria,SY,CHAT,National,-,Total Number,Telegraph Traffic
Telegraph Traffic_Total Number_PT,,,,,,,,,,,,,,,,,,,,,,,,,,,,,,,,,,,,,,,,,,,,,,,,,,,,,,,,,,,,,,,,,,,,,,,,,,,,,,,,,,,,,,,,,,,,,,,,,,,,,,,,,,,,,,,,,,,,,,,0.056,0.145,0.195,0.215,0.253,0.29,0.235,0.276,0.336,,,0.356,0.344,0.358,0.366,0.385,0.362,0.38,0.395,0.352,0.396,0.432,,,0.596,0.546,0.562,0.577,0.562,0.58,0.625,0.676,0.701,0.71,0.745,0.767,0.842,0.852,0.887,0.896,1.104,1.012,1.086,1.125,1.189,,,,,,,,3.55,3.578,3.791,2.53,2.217,2.756,2.866,3.004,2.939,2.799,,,2.091,2.42,2.239,2.293,2.722,2.772,2.769,2.91,3.07,3.458,3.845,4.42,4.961,5.517,6.23,6.124,5.37,3.939,3.639,3.644,3.502,3.459,3.417,3.536,3.651,3.661,3.739,3.886,3.887,4.008,4.049,4.197,4.336,4.591,4.738,4.895,4.977,5.113,5.09,5.073,4.925,4.891,4.542,3.582,3.053,2.615,2.224,2.205,2.134,1.869,1.849,1.701,1.475,1.427,1.405,,,,,,,,,,,,,,,,,,,,,,,Portugal,PT,CHAT,National,-,Total Number,Telegraph Traffic
Telegraph Traffic_Total Number_NO,,,,,,,,,,,,,,,,,,,,,,,,,,,,,,,,,,,,,,,,,,,,,,,,,,,,,,,,,,,,,,,,,,,,,,,,,,,,,,,,,,,,,,,,,,,,,,,,,,,,,,,,,,0.023,,,0.091,0.117,0.13,0.128,0.139,0.167,0.2,0.218,0.269,0.31,0.355,0.392,0.444,0.604,0.702,0.615,0.688,0.709,0.723,0.794,0.718,0.68,0.773,0.847,0.876,0.874,0.891,0.86,0.857,0.83,1.246,1.373,1.454,1.594,1.65,1.729,1.697,1.799,1.818,1.941,2.049,2.049,2.142,2.195,2.157,2.221,2.276,2.25,2.39,2.52,2.725,2.774,3.035,3.27,3.616,3.727,3.866,4.572,5.688,6.283,6.204,6.56,7.068,5.959,5.557,5.277,5.078,5.094,4.836,4.638,4.515,4.471,4.448,4.095,3.809,3.649,3.555,3.509,3.643,3.927,3.907,3.93,3.95,3.568,4.57,6.21,7.553,7.816,7.966,8.256,7.576,7.296,6.956,6.912,6.699,6.282,6.121,6.006,5.978,5.912,5.411,5.14,5.055,4.904,4.746,4.348,4.057,3.868,3.147,3.707,3.52,3.412,3.169,2.97,2.705,2.342,1.958,1.651,1.555,1.455,1.352,1.278,1.146,1.014,0.854,0.676,0.606,0.54,0.433,0.331,0.274,0.278,0.258,0.217,0.182,,,,,,,,,,,,,,,,,Norway,NO,CHAT,National,-,Total Number,Telegraph Traffic
Telegraph Traffic_Total Number_IQ,,,,,,,,,,,,,,,,,,,,,,,,,,,,,,,,,,,,,,,,,,,,,,,,,,,,,,,,,,,,,,,,,,,,,,,,,,,,,,,,,,,,,,,,,,,,,,,,,,,,,,,,,,,,,,,,,,,,,,,,,,,,,,,,,,,,,,,,,,,,,,,,,,,,,,,,,,,,,,,,,,,,,,,,,,,,0.8229117,,,,,,0.3977647,0.3977647,0.3847941,0.3257059,0.2954412,0.3012059,0.3242647,0.3473235,0.3703823,0.3948824,0.4280294,0.4280294,0.441,0.5072941,0.6672647,0.7710294,0.8733529,0.98,1.095294,1.184647,1.129882,0.8416471,0.6960883,0.6600588,0.6413235,0.6629412,0.7292353,0.8185883,0.8430882,0.8877647,0.964147,1.020353,0.9814412,0.9511765,0.98,0.907,1.114,0.982,0.99,1.569,0.978,1.03,1.524,1.267,1.163,0.936,0.686,0.862,,,,,,0.748,0.825,0.844,0.562,,,,,,,,,,,,,,,,,,,,,,,,,,Iraq,IQ,CHAT,National,-,Total Number,Telegraph Traffic
Telegraph Traffic_Total Number_IN,,,,,,,,,,,,,,,,,,,,,,,,,,,,,,,,,,,,,,,,,,,,,,,,,,,,,,,,,,,,,,,,,,,,,,,,,,,,,,,,,,,,,,,,,,,,,,,,,,,,,,,,,,,,,,,,,,,,,0.269,0.311,0.374,0.485,0.577,0.655,0.684,0.745,0.837,0.907,1.109,1.357,1.372,1.562,1.656,1.613,1.799,1.826,2.018,2.29,2.517,2.808,2.983,3.133,3.407,3.809,3.981,4.185,4.391,4.737,5.078,5.713,5.449,6.237,6.449,6.476,6.742,7.307,9.098,10.461,11.385,12.75,13.007,12.085,13.09,14.672,15.449,16.597,16.19,17.543,18.72,19.137,20.328,19.382,19.055,19.698,18.893,19.05,19.842,18.768,19.023,19.974,20.241,19.476,18.115,17.162,15.593,15.558,17.207,17.251,17.867,16.319,16.315,18.611,18.986,22.449,23.89,27.92,29.773,31.175,30.18,27.655,27.174,27.244,27.977,29.162,28.956,29.343,30.502,33.497,34.502,33.154,34.334,36.985,38.123,40.359,40.654,41.766,41.389,44.269,43.927,45.905,48.465,49.295,55.627,58.417,61.173,65.018,65.44,67.687,69.879,62.125,64.951,71.957,76.083,80.465,79.686,81.023,76.832,77.568,74.159,70.147,71.476,64.985,65.984,65.13,64.58,60.55,57.71,56.573,53.883,51.209,44.233,,,,,,,,,,,India,IN,CHAT,National,-,Total Number,Telegraph Traffic
Telegraph Traffic_Total Number_MX,,,,,,,,,,,,,,,,,,,,,,,,,,,,,,,,,,,,,,,,,,,,,,,,,,,,,,,,,,,,,,,,,,,,,,,,,,,,,,,,,,,,,,,,,,,,,,,,,,,,,,,,,,,,,,,,,,,,,,,,,,,,,,,,0.3,0.3,0.3,0.3,0.3,0.3,0.5,0.3,0.3,0.5,0.7,1.0,1.0,1.3,1.3,1.5,1.5,2.0,1.8,2.3,2.5,2.6,4.6,4.3,4.6,5.1,5.6,5.7,6.2,6.9,7.0,7.0,7.4,7.9,8.7,9.0,7.4,3.8,6.4,5.7,4.4,9.3,9.7,10.5,10.1,9.0,8.8,9.3,10.0,9.8,10.0,10.1,10.1,10.1,9.3,8.7,9.5,10.8,12.8,14.2,14.9,14.7,15.9,16.4,18.0,23.0,27.0,28.0,32.0,27.0,31.0,32.0,33.0,36.0,35.0,37.0,38.0,39.0,42.0,38.0,38.0,39.0,39.0,41.0,41.0,,42.0,36.0,38.0,41.0,42.0,43.0,46.0,48.0,50.0,54.0,54.0,55.0,45.0,44.0,45.0,47.0,50.0,52.0,55.0,58.0,51.0,,55.0,58.0,,56.0,,,,,47.0,,,,,,,,,,,,,,,,Mexico,MX,CHAT,National,-,Total Number,Telegraph Traffic
Telegraph Traffic_Total Number_DK,,,,,,,,,,,,,,,,,,,,,,,,,,,,,,,,,,,,,,,,,,,,,,,,,,,,,,,,,,,,,,,,,,,,,,,,,,,,,,,,,,,,,,,,,,,,,,,,,,,,,,,,,,,,,,,,,,,,0.203,0.238,0.316,0.357,0.42,0.525,0.553,0.6,0.65,0.763,0.887,0.941,0.937,0.916,0.969,1.087,1.161,1.192,1.247,1.252,1.256,1.25,1.293,1.525,1.495,1.503,1.629,1.637,1.765,1.758,1.811,1.796,1.86,1.953,2.057,2.154,2.125,2.245,2.323,2.406,2.582,2.728,2.908,2.982,3.177,3.302,3.527,3.76,3.787,4.517,4.56,4.593,3.834,3.814,5.593,5.175,4.555,4.4,4.76,4.733,4.721,4.509,4.475,4.46,4.614,4.311,3.969,3.452,3.432,3.221,3.16,3.214,3.166,3.169,3.388,1.609,1.583,1.748,3.917,4.156,3.296,4.134,4.26,4.436,4.491,4.577,4.535,4.31,4.781,4.864,4.755,4.605,4.488,4.27,4.294,4.364,4.262,4.196,4.183,4.046,4.176,4.03,3.839,3.627,3.396,2.942,2.623,1.954,1.838,1.672,1.481,1.361,1.268,1.07,0.997,0.943,0.844,0.71,0.638,0.588,0.331,0.309,0.455,0.421,0.401,0.338,,,,,,,,,,,,,,,,,,,Denmark,DK,CHAT,National,-,Total Number,Telegraph Traffic
Telegraph Traffic_Total Number_CD,,,,,,,,,,,,,,,,,,,,,,,,,,,,,,,,,,,,,,,,,,,,,,,,,,,,,,,,,,,,,,,,,,,,,,,,,,,,,,,,,,,,,,,,,,,,,,,,,,,,,,,,,,,,,,,,,,,,,,,,,,,,,,,,,,,,,,,,,,,,,,,,,,,,,,,,,,,,,,,,,0.0038971,0.0150857,0.0326857,,,,,,,0.1093714,0.1332571,0.1244571,0.1408,,0.176,0.202,0.239,0.257,0.29,0.318,0.322,0.274,0.172,0.131,0.115,0.117,0.129,0.16,0.153,0.172,0.241,0.37,0.437,0.505,0.54,0.595,0.565,0.61,0.414,0.447,0.701,0.97,0.748,0.817,0.875,0.937,0.973,1.008,0.912,0.945,,,,,,,1.966,1.874,1.023,1.167,1.508,1.793,1.916,1.588,1.326,1.161,0.836,0.131,0.134,,,,,,,,,,,,,,,,,,,,,,,,,,,,,,,Democratic Republic of the Congo,CD,CHAT,National,-,Total Number,Telegraph Traffic
Telegraph Traffic_Total Number_HU,,,,,,,,,,,,,,,,,,,,,,,,,,,,,,,,,,,,,,,,,,,,,,,,,,,,,,,,,,,,,,,,,,,,,,,,,,,,,,,,,,,,,,,,,,,,,,,,,,,,,,,,,,,,,,,,,,,,,,,1.0,1.2,1.5,3.4,4.4,4.4,3.7,3.7,4.6,4.7,5.6,5.3,5.1,5.3,5.7,5.9,5.8,5.8,6.0,6.2,6.8,7.1,7.6,8.3,10.0,11.6,12.1,12.9,13.4,13.4,13.6,13.9,14.4,14.7,15.4,15.9,17.1,17.8,18.9,20.4,20.6,22.2,23.6,25.3,26.5,,30.7,41.4,44.8,42.3,,,10.6,14.7,10.5,5.0,4.7,4.9,5.3,5.0,5.0,5.0,4.5,3.4,2.6,2.4,2.3,2.3,2.4,2.6,2.9,3.7,4.7,7.1,8.6,,,,4.2,4.2,5.4,4.3,4.6,5.0,5.7,6.1,6.7,6.6,7.2,7.2,7.5,8.0,8.6,8.8,9.3,9.9,10.3,10.3,10.6,11.3,11.6,10.6,11.2,11.3,11.7,11.6,12.4,13.1,13.1,13.6,14.2,14.6,15.5,13.6,13.3,13.8,14.2,14.0,14.3,14.8,14.8,13.8,12.4,10.6,9.3,7.6,,,,,,,,,,,,,,,,Hungary,HU,CHAT,National,-,Total Number,Telegraph Traffic
Telegraph Traffic_Total Number_VE,,,,,,,,,,,,,,,,,,,,,,,,,,,,,,,,,,,,,,,,,,,,,,,,,,,,,,,,,,,,,,,,,,,,,,,,,,,,,,,,,,,,,,,,,,,,,,,,,,,,,,,,,,,,,,,,,,,,,,,,,,,,,,,,,,,,,,,,,,,,,,,,,,,,,,,,,,,,,,,,,,,,0.7,,,,,,,,,1.0,,1.2,1.7,2.0,2.4,1.9,,1.8,1.8,,,,,,,2.7,2.8,2.7,2.7,2.9,3.2,3.6,4.2,5.0,5.9,5.7,5.0,6.8,5.4,5.4,5.5,6.0,6.2,6.6,7.0,7.4,7.6,7.7,5.8,5.1,5.0,4.6,4.6,5.6,4.4,4.6,4.7,4.8,4.7,4.4,,,4.7,4.5,,,,,,3.6,3.3,3.0,3.2,2.9,2.9,2.9,2.4,2.2,2.1,2.0,,,,,,,,,,,,,,,,,Venezuela,VE,CHAT,National,-,Total Number,Telegraph Traffic
Telegraph Traffic_Total Number_UY,,,,,,,,,,,,,,,,,,,,,,,,,,,,,,,,,,,,,,,,,,,,,,,,,,,,,,,,,,,,,,,,,,,,,,,,,,,,,,,,,,,,,,,,,,,,,,,,,,,,,,,,,,,,,,,,,,,,,,,,,,,,,,,,,,,,,,,,,,,,,,,,,,,,,,,,,,,,,,,,,0.3,0.4,0.4,0.4,0.5,0.5,0.5,0.6,0.6,0.7,0.7,0.6,0.5,0.6,0.6,0.6,0.6,0.6,0.7,0.7,0.7,0.7,0.6,0.5,0.5,0.6,0.6,0.6,0.6,0.6,0.6,0.7,0.8,0.8,1.0,1.1,1.2,1.4,1.4,1.5,1.6,1.7,1.7,1.8,1.8,1.8,1.9,1.9,1.9,1.9,2.0,2.0,2.1,2.1,,,,1.6,1.6,1.8,1.5,1.2,1.0,0.9,1.0,1.0,1.0,1.3,1.4,,,,,,,,,,,,,,,,,,,,,,,,,,,,,,,Uruguay,UY,CHAT,National,-,Total Number,Telegraph Traffic
Telegraph Traffic_Total Number_CH,,,,,,,,,,,,,,,,,,,,,,,,,,,,,,,,,,,,,,,,,,,,,,,,,,,,,,,,,,,,,,,,,,,,,,,,,,,,,,,,,0.0,0.0,0.0,0.0,0.0,0.0,0.0,0.0,0.0,0.0,0.0,0.0,0.0,0.0,0.0,0.0,0.0,0.0,0.0,0.0,0.0,0.0,0.003,,0.127,0.159,0.21,0.238,0.228,0.26,0.277,,,,,0.56,,,,,1.51,,,,,2.656,2.706,2.527,2.179,2.325,2.505,2.717,2.636,2.586,2.56,2.623,2.751,2.825,3.026,3.226,3.185,3.214,3.15,3.181,3.12,3.252,3.183,3.153,3.254,3.359,3.272,3.234,3.274,3.371,3.485,3.736,3.949,3.909,2.904,4.099,4.396,4.717,4.862,4.831,5.282,5.217,5.076,4.403,5.273,7.707,7.134,5.423,4.625,4.644,5.093,5.103,4.866,4.916,4.871,4.756,4.39,4.002,3.304,3.168,2.846,2.679,2.699,2.814,2.72,3.031,3.168,3.004,2.711,2.871,2.956,3.545,4.478,4.961,4.922,4.586,4.57,4.723,4.486,4.581,4.652,4.873,4.956,5.055,4.945,5.207,5.267,5.491,5.615,5.67,5.738,5.721,5.666,5.555,5.346,5.331,4.902,4.75,4.266,4.158,3.912,3.286,2.952,2.791,2.617,2.519,2.526,2.417,2.219,2.116,2.205,2.137,2.043,,,,,,,,,,,,,,,,,,,,,,,Switzerland,CH,CHAT,National,-,Total Number,Telegraph Traffic
Telegraph Traffic_Total Number_IE,,,,,,,,,,,,,,,,,,,,,,,,,,,,,,,,,,,,,,,,,,,,,,,,,,,,,,,,,,,,,,,,,,,,,,,,,,,,,,,,,,,,,,,,,,,,,,,,,,,,,,,,,,,,,,,,,,,,,,,,,,,,,,,,,,,,,,,,,,,,,,,,,,,,,,,,,,,,,,,,,,,,,,,,,,,,,,,3.8,3.5,3.3,3.1,3.0,2.5,2.1,2.0,1.8,1.7,1.6,1.5,1.5,1.5,1.5,1.5,1.5,1.4,1.7,1.9,2.1,2.2,2.5,2.8,2.9,2.6,2.6,2.7,2.4,2.6,2.4,2.3,1.9,1.4,1.3,1.2,1.2,1.1,1.1,1.0,1.0,0.9,0.8,0.8,0.8,0.8,0.8,0.7,0.7,0.7,0.7,0.7,0.6,0.6,0.6,0.4,0.5,0.5,0.4,0.3,0.3,0.2,0.1,0.0,0.0,0.0,0.0,0.0,0.0,0.0,,,,,,,,,,,,,,,,Ireland,IE,CHAT,National,-,Total Number,Telegraph Traffic
Telegraph Traffic_Total Number_ZM,,,,,,,,,,,,,,,,,,,,,,,,,,,,,,,,,,,,,,,,,,,,,,,,,,,,,,,,,,,,,,,,,,,,,,,,,,,,,,,,,,,,,,,,,,,,,,,,,,,,,,,,,,,,,,,,,,,,,,,,,,,,,,,,,,,,,,,,,,,,,,,,,,,,,,,,,,,,,,,,,,,,,,,,,,,,,,,0.0127027,0.0156757,0.0216216,0.0262162,0.0305405,0.0435135,0.0578378,0.0640541,0.0754054,0.0627027,0.0675676,0.0702703,0.0643243,0.0751351,0.0778378,,,,,,,,0.17,0.191,0.229,0.269,0.301,0.352,0.372,0.426,,,,,,,,,,,0.538,,,,0.473,0.63,0.554,0.472,0.457,,,,,,,,,,,,,,,,0.755,,,,,,,,,,,,,,,,,,,,,Zambia,ZM,CHAT,National,-,Total Number,Telegraph Traffic
Telegraph Traffic_Total Number_NZ,,,,,,,,,,,,,,,,,,,,,,,,,,,,,,,,,,,,,,,,,,,,,,,,,,,,,,,,,,,,,,,,,,,,,,,,,,,,,,,,,,,,,,,,,,,,,,,,,,,,,0.0,0.0,0.0,0.0,0.0,0.0,0.0,0.0,0.0,0.0,0.0,0.0,0.0,0.0,0.0,0.0,0.0181645,0.0329231,0.0510876,0.0658463,0.0900656,0.1396396,0.1858076,0.2414364,0.3193924,0.375778,0.4166481,0.4476791,0.476818,0.5483407,0.4938472,0.5445564,0.5941304,0.6051047,0.6259183,0.6713295,0.694792,0.6944135,0.6683021,0.6823038,0.7420954,0.7447443,0.720525,0.7833439,0.77464,0.8037789,0.953636,1.020239,1.120522,1.313142,1.475108,1.577284,1.725249,1.87889,1.952683,2.134328,2.420419,2.665261,2.810199,2.969517,3.164028,3.429684,3.763078,4.046898,4.097608,4.101013,4.115394,4.399214,4.575561,5.704409,5.298357,4.894575,5.113684,5.478487,5.855022,6.131274,6.195607,6.269778,6.645178,6.943,6.423,4.647,4.153,0.0003215,4.197,4.899,5.132,5.468,5.724,5.59,4.98,5.325,6.658,7.368,7.389,8.15,7.895,7.609,7.675,7.928,7.713,7.753,7.644,7.697,8.043,8.278,8.259,8.243,7.916,8.079,8.403,8.053,7.946,8.063,8.185,8.346,8.288,7.231,6.931,6.864,6.794,6.567,6.033,5.987,6.007,5.608,5.234,5.431,3.939,3.644,3.206,3.077546,2.676127,2.54232,2.007095,,,,,,,,,,,,,,,,,,,,,,,,,New Zealand,NZ,CHAT,National,-,Total Number,Telegraph Traffic
Telegraph Traffic_Total Number_SD,,,,,,,,,,,,,,,,,,,,,,,,,,,,,,,,,,,,,,,,,,,,,,,,,,,,,,,,,,,,,,,,,,,,,,,,,,,,,,,,,,,,,,,,,,,,,,,,,,,,,,,,,,,,,,,,,,,,,,,,,,,,,,,,,,,,,,,,,,,,,,,,,,,,,,,,,,,,,,,,0.408,0.441,0.505,0.53,0.526,0.541,0.55,0.676,0.788,0.894,0.93,0.825,0.699,0.611,0.607,0.726,0.752,0.762,0.79,0.883,0.915,0.895,0.768,0.664,0.611,0.714,0.807,0.898,0.979,0.958,,,,,,1.467,,,,,,,,,1.582,,,1.314,,1.423,1.604,1.728,1.681,2.024,2.258,,2.494,,2.922,1.719,1.836,1.772,1.667,1.705,1.737,1.727,1.544,1.548,1.453,,,,,,,,,,,,,,,,,,,,,,,,,,,,,,,,Sudan,SD,CHAT,National,-,Total Number,Telegraph Traffic
Telegraph Traffic_Total Number_RS,,,,,,,,,,,,,,,,,,,,,,,,,,,,,,,,,,,,,,,,,,,,,,,,,,,,,,,,,,,,,,,,,,,,,,,,,,,,,,,,,,,,,,,,,,,,,,,,,,,,,,,,,,,,,,,,,,,,,,,,,,,,,,,,,,,,,,,,,,0.396,0.471,0.458,,0.617,0.653,0.888,0.885,0.885,0.901,0.97,1.018,1.078,1.172,1.083,1.169,1.176,1.233,1.332,1.417,1.563,1.629,1.814,1.996,1.463,,,,,,,,,,,,,,,,,,,,,,,,,,,,,,,,,,,,,,,,,,,,,,,,,,,,,,,,,,,,,,,,,,,,,,,,,,,,,,,,,,,,,,,,,,,,,,,,,,Serbia,RS,CHAT,National,-,Total Number,Telegraph Traffic
Telegraph Traffic_Total Number_CN,,,,,,,,,,,,,,,,,,,,,,,,,,,,,,,,,,,,,,,,,,,,,,,,,,,,,,,,,,,,,,,,,,,,,,,,,,,,,,,,,,,,,,,,,,,,,,,,,,,,,,,,,,,,,,,,,,,,,,,,,,,,,,,,,,,,,,,,,,,,,,,,,,,,,,,,,,,,,,,,,,,,,,,,,,,,,,,,,,,,4.003,3.371,,3.674,3.518,3.922,,,6.272,5.058,5.184,6.4,9.088,9.678,10.442,9.454,10.531,13.655,19.142,,11.29,11.28,13.65,12.04,16.68,15.64,17.36,19.19,15.33,32.24,57.4,92.22,83.13,68.91,57.38,56.32,52.77,53.61,59.0,55.0,59.52,65.41,76.51,91.3,98.46,103.17,112.34,117.57,126.19,127.48,134.95,146.63,159.38,160.71,180.75,174.14,219.98,211.09,250.27,312.24,29.73,26.818,29.068,28.189,25.166,,,,,,,,,,,,,,,,China,CN,CHAT,National,-,Total Number,Telegraph Traffic
Telegraph Traffic_Total Number_PH,,,,,,,,,,,,,,,,,,,,,,,,,,,,,,,,,,,,,,,,,,,,,,,,,,,,,,,,,,,,,,,,,,,,,,,,,,,,,,,,,,,,,,,,,,,,,,,,,,,,,,,,,,,,,,,,,,,,,,,,,,,,,,,,,,,,,,,,,,,,,,,,,,,,,,,,,,,,,,,,,,,,0.326,,,,,,,1.253,1.246,3.481,3.604,4.122,3.763,4.793,5.557,5.582,5.551,,,,,,,,,,1.819,1.593,,,,,,0.193,,,2.629,,2.124,2.289,2.755,3.401,4.187,,,5.273,6.318,4.061,3.923,4.433,4.716,5.133,4.812,5.044,4.688,2.837,2.769,4.81,4.337,4.081,3.803,,,,,,,,,,,,,,,,,,,,,,,,,,,,,,,,,,,,Philippines,PH,CHAT,National,-,Total Number,Telegraph Traffic
Telegraph Traffic_Total Number_DE,,,,,,,,,,,,,,,,,,,,,,,,,,,,,,,,,,,,,,,,,,,,,,,,,,,,,,,,,,,,,,,,,,,,,,,,,,,,,,,,,,,,,,,,,,,,,,,,,,,,,0.04,0.05,0.07,0.15,0.21,0.32,0.35,0.44,0.53,0.57,0.73,0.81,0.98,1.32,1.75,2.65,3.37,4.26,5.16,6.07,8.66,8.88,9.71,10.8,10.7,11.0,10.6,11.3,11.4,12.4,13.5,14.3,14.8,15.2,15.7,15.8,16.9,17.9,19.7,21.3,22.2,24.5,26.0,27.8,28.6,32.0,32.4,34.1,36.3,38.3,39.7,38.9,38.4,39.3,40.2,42.7,43.6,45.8,45.0,46.8,48.2,49.6,52.3,52.3,,,,,,,82.8,79.6,81.5,63.2,57.1,42.7,47.3,43.7,45.0,41.1,37.5,31.7,25.1,21.3,20.8,19.3,19.0,19.7,19.4,26.5,29.8,35.9,,,,,,,,,17.6,18.3,17.0,17.6,18.3,18.3,18.3,18.9,20.2,19.5,20.2,20.8,20.2,20.8,20.2,20.2,19.5,18.3,16.4,15.8,15.8,15.1,13.2,11.3,10.7,10.1,9.5,8.8,8.8,8.2,8.2,8.2,7.6,6.3,6.0,5.9,5.7,5.4,5.3,5.2,5.1,6.3,,,,,,,,,,,,,,,,,,Germany,DE,CHAT,National,-,Total Number,Telegraph Traffic
Telegraph Traffic_Total Number_CO,,,,,,,,,,,,,,,,,,,,,,,,,,,,,,,,,,,,,,,,,,,,,,,,,,,,,,,,,,,,,,,,,,,,,,,,,,,,,,,,,,,,,,,,,,,,,,,,,,,,,,,,,,,,,,,,,,,,,,,,,,,,,,,,,,,,,,,,,,,,,,,,,,,,,,,,,,,,,,,,,,1.5,,1.9,,2.9,,3.2,3.4,,,,,4.2,4.2,5.0,,5.0,7.8,8.1,7.2,5.7,4.7,4.8,5.4,5.6,5.7,5.4,6.2,6.4,6.3,6.6,7.3,7.8,8.0,9.1,9.8,10.0,10.0,11.0,8.9,8.8,8.7,8.1,9.6,8.0,,,,8.0,8.6,8.0,8.7,10.0,,12.0,12.0,13.0,13.0,14.0,17.0,17.0,18.0,19.0,19.0,21.0,20.0,20.0,22.0,21.0,20.0,21.0,24.0,21.0,22.0,22.0,20.0,18.0,,,,,,,,,,,,,,,,,,,,,,Colombia,CO,CHAT,National,-,Total Number,Telegraph Traffic
Telegraph Traffic_Total Number_VNM,,,,,,,,,,,,,,,,,,,,,,,,,,,,,,,,,,,,,,,,,,,,,,,,,,,,,,,,,,,,,,,,,,,,,,,,,,,,,,,,,,,,,,,,,,,,,,,,,,,,,,,,,,,,,,,,,,,,,,,,,,,,,,,,,,,,,,,,,,,,,,,,,,,,,,,,,,,,,,,,,,,,,,,,,,,,,,,,,,,,,,,,,,,,,,,,,,,,,,,,,,,0.44,0.767,1.025,0.815,0.651,0.608,0.657,0.639,0.623,0.666,0.683,0.713,0.811,,,,1.364,1.339,1.155,1.133,1.254,1.288,,,,,,,,,,,,,,,,,,,,,,,,,,,,,,,,,,,,South Vietnam,VNM,CHAT,National,-,Total Number,Telegraph Traffic
Telegraph Traffic_Total Number_TR,,,,,,,,,,,,,,,,,,,,,,,,,,,,,,,,,,,,,,,,,,,,,,,,,,,,,,,,,,,,,,,,,,,,,,,,,,,,,,,,,,,,,,,,,,,,,,,,,,,,,,,,,,,,,,,,,,,,,,,,,,,,,,,,,,,,,,,,,,,,,,,,,,,,,,,,,,,,,,,,,,,,,,,,,,,,,,,,,6.464,6.998,9.898,7.892,6.781,6.414,5.836,5.296,5.508,5.952,6.973,6.062,6.562,7.769,8.636,9.14,10.317,11.207,12.539,11.118,11.195,8.081,6.422,6.252,6.654,7.609,8.44,7.786,9.904,11.962,10.384,11.105,,11.913,10.311,9.755,9.984,9.485,8.775,9.025,8.98,9.629,10.69,11.668,12.356,10.708,10.136,11.049,11.771,12.349,14.076,13.711,13.975,14.148,14.875,12.37,12.788,12.862,12.045,9.335,8.195,7.958,6.673,5.705,4.883,5.332,5.1,4.928,4.468,4.441,4.711,3.384,2.564,,,,,,,,,,,Turkey,TR,CHAT,National,-,Total Number,Telegraph Traffic
Telegraph Traffic_Total Number_ZA,,,,,,,,,,,,,,,,,,,,,,,,,,,,,,,,,,,,,,,,,,,,,,,,,,,,,,,,,,,,,,,,,,,,,,,,,,,,,,,,,,,,,,,,,,,,,,,,,,,,,,,,,,,,,,,,,,,,,,,,,,,,0.03,0.046,0.071,0.127,0.183,0.285,0.303,0.398,0.542,0.621,0.68,0.741,0.798,0.771,0.851,1.064,1.376,1.292,1.317,2.189475,2.25825,2.2137,2.5685,3.28525,3.5253,3.527,4.227,9.496,11.213,12.094,10.535,9.05,8.216,8.422,7.177,6.599,6.517,,5.119,5.629,5.864,5.999,6.166,5.693,6.175,6.62,7.231,6.995,6.091,5.52,5.381,5.453,5.905,6.056,6.088,6.212,6.305,6.671,5.974,5.318,4.786,5.449,6.243,6.637,7.429,7.489,7.264,7.269,8.207,9.69,9.722,10.185,9.958,11.124,11.638,11.58,12.495,12.434,12.578,13.179,12.869,12.782,13.009,13.069,12.287,12.352,11.675,11.419,11.138,10.943,11.024,11.478,12.189,12.343,12.576,12.812,13.264,14.076,14.822,13.258,13.035,13.151,13.544,12.843,12.187,11.841,11.571,11.776,10.969,11.422,9.457,9.079,9.06,8.881,8.705,7.922,7.531,7.188,6.367,6.209,5.971,,,,,,,,,,,,,,,,South Africa,ZA,CHAT,National,-,Total Number,Telegraph Traffic
Telegraph Traffic_Total Number_AR,,,,,,,,,,,,,,,,,,,,,,,,,,,,,,,,,,,,,,,,,,,,,,,,,,,,,,,,,,,,,,,,,,,,,,,,,,,,,,,,,,,,,,,,,,,,,,,,,,,,,,,,,,,,,,,,,,,,,,,,,,,,,,,,,,,,,,,,,,,,,,,,,,2.5,2.7,3.0,3.0,3.0,3.4,3.2,3.4,2.4,2.7,2.7,5.5,5.9,6.1,6.6,7.7,8.0,8.8,9.7,8.8,8.8,,,,,,,,,9.7,11.4,11.4,11.4,,7.3,,,9.7,6.2,6.2,8.1,8.5,8.6,8.8,9.7,10.0,11.0,11.0,13.0,14.0,15.0,17.0,19.0,22.0,23.0,24.0,24.0,21.0,21.0,23.0,24.0,24.0,23.0,25.0,22.0,23.0,22.0,19.0,19.0,20.0,19.0,17.0,16.0,15.0,16.0,15.0,16.0,16.0,18.0,19.0,17.0,13.0,13.0,12.0,13.0,14.0,12.0,,,,,,,,,,,,,,,,,,,,,,,,,,,,Argentina,AR,CHAT,National,-,Total Number,Telegraph Traffic
Telegraph Traffic_Total Number_JP,,,,,,,,,,,,,,,,,,,,,,,,,,,,,,,,,,,,,,,,,,,,,,,,,,,,,,,,,,,,,,,,,,,,,,,,,,,,,,,,,,,,,,,,,,,,,,,,,,,,,,,,,,,,,,,,,,,,,,,,0.0031667,0.0116111,0.019,0.081,0.186,0.351,0.518,0.678,0.853,1.028,1.647,2.027,2.571,2.963,2.663,2.699,2.641,2.509,2.754,2.799,3.578,4.211,4.624,5.36,6.444,8.121,9.098,10.858,13.98,14.867,14.102,16.234,15.874,17.212,18.428,19.866,22.098,23.03,26.197,26.282,26.593,28.64,31.854,33.026,32.876,33.684,34.555,41.55,53.575,60.384,76.827,70.925,,71.766,70.075,70.1,69.788,68.238,68.302,66.192,64.772,58.133,56.159,59.793,57.632,60.295,63.616,57.945,73.875,77.067,76.109,81.002,77.413,75.268,85.728,71.531,45.31,62.745,68.773,75.599,80.874,87.063,99.319,93.484,95.673,87.739,84.695,88.96597,89.53475,91.40405,92.658,94.702,99.078,95.832,100.497,92.948,87.844,84.144,80.604,75.535,72.018,69.558,66.747,58.868,51.401,49.333,48.179,44.683,41.43,41.548,43.085,42.879,43.57,44.681,45.695,42.661,41.445,40.644,41.507,,,,,,,,,,,,,,,,,,,,,,Japan,JP,CHAT,National,-,Total Number,Telegraph Traffic
Telegraph Traffic_Total Number_MY,,,,,,,,,,,,,,,,,,,,,,,,,,,,,,,,,,,,,,,,,,,,,,,,,,,,,,,,,,,,,,,,,,,,,,,,,,,,,,,,,,,,,,,,,,,,,,,,,,,,,,,,,,,,,,,,,,,,,,,,,,,,,,,,,,,,,,,,,,,,,,,,,,,,,,,0.6165669,0.651656,0.7656959,0.651656,0.753164,0.59025,0.6779729,0.7819872,0.7757213,0.8321146,1.2394,1.205019,1.267425,1.403769,1.284476,1.230589,1.503518,1.587709,1.743597,2.00274,2.278922,1.880916,1.616,1.615,1.615,1.971,2.191,2.149,2.009,2.077,1.851,1.553,1.162,1.014,1.118,1.113,1.115,1.28,1.23,,,,,,,,0.712,,1.698,1.459,1.722,2.087,1.687,,1.405,1.552,1.624,,,,1.127,1.167,1.23,1.211,,,0.912,0.78,0.847,0.82,0.827,0.88,0.911,1.004,1.095,1.062,1.041,1.806,2.961,1.836,1.554,1.451,1.317,1.516,1.392,1.052,,,,,,,,,,,,,,,,,,,,,,,,Malaysia,MY,CHAT,National,-,Total Number,Telegraph Traffic
Telegraph Traffic_Total Number_RO,,,,,,,,,,,,,,,,,,,,,,,,,,,,,,,,,,,,,,,,,,,,,,,,,,,,,,,,,,,,,,,,,,,,,,,,,,,,,,,,,,,,,,,,,,,,,,,,,,,,,,,,,,,,,,,,,,,,,,,,,,,,,,0.872,,0.96,1.116,,0.95,1.15,1.214,1.244,1.204,1.224,1.231,1.257,1.318,1.328,1.358,1.523,1.539,1.593,1.804,2.131,2.195,2.158,2.399,2.086,2.063,2.108,2.342,2.317,2.212,2.651,3.018,2.925,2.777,2.937,3.197,3.492,3.685,3.826,3.865,,,,,,5.807,,5.443,8.778,9.224,9.511,9.945,8.084,8.006,8.101,7.619,6.4,4.938,4.277,4.29,4.125,3.946,4.413,4.553,5.448,4.796,6.42,7.806,,,,,,3.056,,3.504,4.193,3.771,4.659,4.67,4.486,4.795,4.847,4.715,4.523,4.635,4.972,5.304,5.724,5.901,6.186,6.714,6.776,6.688,6.851,5.86,6.041,6.352,6.37,6.501,6.16,5.664,5.992,5.602,5.393,5.389,5.574,4.329,4.198,4.116,4.225,,,,,,,,,,,,,,,,,,,,,,,,Romania,RO,CHAT,National,-,Total Number,Telegraph Traffic
Telegraph Traffic_Total Number_IT,,,,,,,,,,,,,,,,,,,,,,,,,,,,,,,,,,,,,,,,,,,,,,,,,,,,,,,,,,,,,,,,,,,,,,,,,,,,,,,,,,,,,,,,,,,,,,,,,,,,,,,,,,,,,,,,0.1,0.1,0.1,1.1,1.3,1.6,1.4,1.8,1.9,2.0,2.6,3.9,4.5,4.7,4.7,4.9,4.9,5.0,5.3,5.9,6.0,6.3,6.4,6.9,7.0,7.7,7.9,7.8,8.0,8.3,8.2,8.4,7.9,7.9,8.1,8.6,8.6,8.9,9.2,9.4,9.6,9.9,10.1,10.5,11.1,11.5,11.7,12.4,12.7,15.2,18.9,20.0,21.0,22.0,22.3,20.3,19.8,18.2,21.9,20.7,19.4,19.1,23.5,26.7,28.0,28.7,29.5,31.6,31.2,29.6,26.7,25.7,24.9,24.5,25.1,25.3,26.4,28.5,33.3,37.0,40.6,,,,18.8,25.8,24.4,26.0,28.1,30.2,29.4,29.7,30.4,32.2,34.4,35.1,34.4,33.0,33.5,34.5,36.4,39.3,40.9,53.2,37.5,31.8,29.0,26.4,26.4,25.9,25.2,25.5,25.7,24.3,23.0,24.2,22.1,22.7,23.8,25.5,24.6,23.8,22.8,22.3,23.0,22.7,23.2,23.0,23.5,23.5,24.6,24.4,,,,,,,,,,,,,,,,,Italy,IT,CHAT,National,-,Total Number,Telegraph Traffic
Telegraph Traffic_Total Number_MG,,,,,,,,,,,,,,,,,,,,,,,,,,,,,,,,,,,,,,,,,,,,,,,,,,,,,,,,,,,,,,,,,,,,,,,,,,,,,,,,,,,,,,,,,,,,,,,,,,,,,,,,,,,,,,,,,,,,,,,,,,,,,,,,,,,,,,,,,,,,,,,,,,,,,,,,,,,,,,,,,,,,,,,,,,,,,,,,,,,0.817,0.874,0.773,0.786,0.772,0.728,0.729,0.674,0.712,0.786,0.792,0.89,0.908,,,,1.112,1.175,1.509,1.368,1.406,1.301,1.227,1.381,1.074,0.983,0.955,0.979,1.019,0.953,0.721,0.637,0.571,0.547,0.526,0.622,0.645,0.641,0.482,0.485,0.51,0.508,0.526,0.528,0.584,0.569,0.508,,0.748,0.81,0.822,0.814,0.498,0.448,,0.213,0.211,0.185,0.183,,,,,,,,,,,,,,,,,,,,,,,Madagascar,MG,CHAT,National,-,Total Number,Telegraph Traffic
Telegraph Traffic_Total Number_BR,,,,,,,,,,,,,,,,,,,,,,,,,,,,,,,,,,,,,,,,,,,,,,,,,,,,,,,,,,,,,,,,,,,,,,,,,,,,,,,,,,,,,,,,,,,0.0,0.0,0.0,0.0,0.0,0.0,0.0,0.0,0.0,0.0,0.0,0.0,0.0,0.0,0.0,0.0,0.0,0.0,0.0,0.0,0.0,0.0,,,,,,,,,,,0.1,0.1,0.1,0.1,0.1,0.2,0.2,0.3,0.3,0.4,0.3,0.3,0.4,0.4,,,0.5,0.6,0.8,1.0,1.2,1.1,1.3,1.5,1.7,1.7,1.4,1.4,1.4,1.2,1.2,1.4,1.5,1.5,1.7,1.9,2.3,2.4,2.8,2.8,3.7,3.8,4.0,3.7,3.9,4.4,5.4,5.6,6.6,6.1,6.6,6.9,7.2,7.6,7.4,7.5,6.5,6.0,5.5,7.1,8.1,8.6,8.9,9.9,10.0,11.0,11.0,11.0,11.0,13.0,15.0,18.0,20.0,24.0,27.0,29.0,30.0,26.0,27.0,29.0,29.0,31.0,29.0,32.0,24.0,21.0,22.0,,26.0,27.0,24.0,25.0,28.0,18.0,30.0,37.0,22.0,18.0,17.0,19.0,20.0,21.0,20.0,19.0,18.0,18.0,17.0,16.0,15.0,15.0,16.0,16.0,18.0,21.0,28.0,30.0,27.0,27.0,25.0,24.0,20.0,19.0,,,,,,,,,,,,,,,,Brazil,BR,CHAT,National,-,Total Number,Telegraph Traffic
Telegraph Traffic_Total Number_SV,,,,,,,,,,,,,,,,,,,,,,,,,,,,,,,,,,,,,,,,,,,,,,,,,,,,,,,,,,,,,,,,,,,,,,,,,,,,,,,,,,,,,,,,,,,,,,,,,,,,,,,,,,,,,,,,,,,,,,,,,,,,,,,,,,,,,,,,,,,,,,,,,,,,,,,,,,,,,,,,,,,,,,,,,,,,,,,,,,,,,,,,,,,,,,,1.3,1.2,1.3,1.3,1.5,1.7,1.7,1.9,2.0,1.9,2.1,2.2,2.5,2.6,2.5,2.4,2.8,2.9,2.9,3.6,3.5,2.6,3.8,2.8,3.7,2.1,1.8,1.6,1.4,1.4,1.4,1.2,1.3,1.3,1.4,1.2,1.3,1.3,1.4,1.4,1.4,1.2,1.2,1.1,1.1,1.7,,,,,,,,,,,,,,,,,,,,,,,,El Salvador,SV,CHAT,National,-,Total Number,Telegraph Traffic
Telegraph Traffic_Total Number_MZ,,,,,,,,,,,,,,,,,,,,,,,,,,,,,,,,,,,,,,,,,,,,,,,,,,,,,,,,,,,,,,,,,,,,,,,,,,,,,,,,,,,,,,,,,,,,,,,,,,,,,,,,,,,,,,,,,,,,,,,,,,,,,,,,,,,,,,,,,,,,,,,,,,,,,,,,,,,,,,,,,,,,,,,,,,,,,,,,,0.2239583,0.1970833,0.215,0.22,0.247,0.216,0.225,0.23,0.257,0.268,0.279,0.285,,,0.3,0.326,0.323,0.288,0.373,0.293,0.32,0.307,0.319,0.289,0.366,0.307,0.481,0.506,0.499,0.512,0.49,0.502,0.519,0.522,0.531,0.622,0.65,0.655,0.938,0.652,0.694,0.679,0.646,0.685,0.758,0.859,0.816,,,,,,,,,,,,,,,,,,,,,,,,,,,,,,,,,,,,,Mozambique,MZ,CHAT,National,-,Total Number,Telegraph Traffic
Telegraph Traffic_Total Number_LK,,,,,,,,,,,,,,,,,,,,,,,,,,,,,,,,,,,,,,,,,,,,,,,,,,,,,,,,,,,,,,,,,,,,,,,,,,,,,,,,,,,,,,,,,,,,,,,,,,,,,,,,,,,,,,,,,,,,,,,,,,,,,,,,,,,,,,,,,,,,,,,,,,,,,,,0.529,0.572,0.58,0.628,0.66,0.718,0.76,0.808,0.824,0.744,0.911,0.938,1.079,1.246,1.381,1.308,1.496,1.491,1.643,1.383,1.463,1.481,1.547,1.691,1.727,1.928,1.886,2.157,2.312,2.354,2.464,2.0,1.624,1.374,1.438,1.38,1.3,1.373,1.366,1.329,1.328,1.536,1.947,2.636,3.157,3.786,3.594,3.797,3.748,4.092,3.911,4.422,4.772,4.642,4.601,4.233,4.82,5.148,5.458,4.881,4.932,4.882,4.65,4.619,4.885,4.881,4.784,4.791,4.286,5.694,5.528,5.723,5.437,5.897,6.013,6.275,6.262,5.993,6.147,6.25,6.711,6.87,6.625,,,,,,,,,,,,,,,,,,,,,,,,,,,Sri Lanka,LK,CHAT,National,-,Total Number,Telegraph Traffic
Telegraph Traffic_Total Number_GH,,,,,,,,,,,,,,,,,,,,,,,,,,,,,,,,,,,,,,,,,,,,,,,,,,,,,,,,,,,,,,,,,,,,,,,,,,,,,,,,,,,,,,,,,,,,,,,,,,,,,,,,,,,,,,,,,,,,,,,,,,,,,,,,,,,,,,,,,,,,,,,,,,,,,,,0.14,0.354,0.248,0.264,0.258,0.194,0.218,0.245,0.273,0.261,0.278,0.273,0.27,0.284,0.294,0.312,0.232,0.259,0.287,0.385,0.369,0.332,0.326,0.318,0.312,0.334,0.334,0.409,0.423,0.547,0.469,0.416,0.352,0.328,0.365,0.371,0.412,0.452,0.462,,,,,,,,,,,,,,,,,1.012,1.051,1.042,0.905,0.798,0.723,0.713,0.809,0.977,0.789,0.731,0.633,0.693,1.184,4.109,,,,,,,,1.426,,1.76,,,,,,,,,,,,,,,,,,,,,,,,,,,,,,Ghana,GH,CHAT,National,-,Total Number,Telegraph Traffic
Telegraph Traffic_Total Number_ID,,,,,,,,,,,,,,,,,,,,,,,,,,,,,,,,,,,,,,,,,,,,,,,,,,,,,,,,,,,,,,,,,,,,,,,,,,,,,,,,,,,,,,,,,,,,,,,,,,,,,,,,,,,,,,,,,,,,,,,,,,,,,,,0.318,0.331,0.326,0.345,0.332,0.353,0.343,0.322,0.329,0.331,0.314,0.312,0.334,0.374,0.38,0.417,0.42,0.442,0.464,0.449,0.466,0.462,0.445,0.446,0.467,0.484,0.479,0.472,0.517,0.536,0.649,0.754,0.826,0.912,1.052,1.215,1.388,1.452,1.552,1.491,1.678,1.804,2.241,2.728,2.602,,1.758,1.624,1.601,1.703,1.723,1.776,1.96,2.002,1.859,1.456,1.237,1.117,1.049,0.986,0.997,1.172,1.007,1.368,1.418,,,,,,,1.447,1.842,2.072,2.388,2.445,2.553,2.706,2.943,3.4,3.307,3.445,3.481,4.257,4.774,4.433,4.677,3.179,2.183,6.683,6.627,4.418,5.556,2.557,2.608,2.85,3.122,3.899,4.259,4.117,4.448,4.755,5.213,5.771,6.687,7.105,7.283,7.964,8.5,9.155,10.437,11.147,12.208,12.886,14.146,13.623,11.367,11.11,,,,,,,,,,,,,,,,Indonesia,ID,CHAT,National,-,Total Number,Telegraph Traffic
Telegraph Traffic_Total Number_LB,,,,,,,,,,,,,,,,,,,,,,,,,,,,,,,,,,,,,,,,,,,,,,,,,,,,,,,,,,,,,,,,,,,,,,,,,,,,,,,,,,,,,,,,,,,,,,,,,,,,,,,,,,,,,,,,,,,,,,,,,,,,,,,,,,,,,,,,,,,,,,,,,,,,,,,,,,,,,,,,,,,,,,,,,,,,,,,,,,,,,,,,,,,,,,,,,,,,0.157,0.193,,,0.35,0.285,0.378,,0.38,0.384,0.387,0.515,0.527,,0.552,0.57,0.575,0.592,0.995,1.143,1.219,1.243,0.916,2.014,1.026,1.05,1.073,,,,,,,,,,,,,,,,,,,,,,,,,,,,,,,,,,,,,,Lebanon,LB,CHAT,National,-,Total Number,Telegraph Traffic
Telegraph Traffic_Total Number_KR,,,,,,,,,,,,,,,,,,,,,,,,,,,,,,,,,,,,,,,,,,,,,,,,,,,,,,,,,,,,,,,,,,,,,,,,,,,,,,,,,,,,,,,,,,,,,,,,,,,,,,,,,,,,,,,,,,,,,,,,,,,,,,,,,,,,,,,,,,,,,,,,,,,,,,,,,,,,,,,,,,,,,,,,,,,,,,,,,,,,,,,,,,,,,,,,,,,,17.45645,7.282398,6.414902,6.989428,9.146752,3.287352,2.686193,4.20431,5.524578,8.161307,14.91864,8.735833,9.454942,9.629963,12.06504,13.83427,14.29846,,17.71898,21.89285,29.06871,29.06491,37.19578,37.43167,40.13689,44.78637,48.25635,51.30019,54.949,62.13,65.083,53.273,42.858,43.567,44.314,42.922,41.775,36.985,37.087,35.717,35.559,36.698,38.181,41.944,62.929,53.369,52.302,45.667,44.67,,,,,,,,,,,,,,,,South Korea,KR,CHAT,National,-,Total Number,Telegraph Traffic
Telegraph Traffic_Total Number_AT,,,,,,,,,,,,,,,,,,,,,,,,,,,,,,,,,,,,,,,,,,,,,,,,,,,,,,,,,,,,,,,,,,,,,,,,,,,,,,,,,0.0,0.0,0.0,0.0,0.0,0.0,0.0,0.0,0.0,0.0,0.0,0.0,0.0,0.0,0.0,0.0,0.0,0.0,,,,0.1,0.1,0.1,0.2,0.3,0.3,0.4,0.5,0.7,0.7,0.9,1.0,1.1,1.7,1.9,2.7,2.4,2.4,3.1,3.4,4.2,4.9,5.4,4.7,4.9,5.4,5.8,6.0,5.8,6.2,6.7,7.1,7.0,7.2,7.2,7.4,7.7,8.4,8.7,9.1,9.7,10.8,12.1,12.6,13.2,13.2,13.8,14.2,14.7,15.1,15.4,16.1,16.5,17.2,18.2,18.8,19.6,19.8,20.5,21.0,23.0,23.9,23.3,21.0,22.6,20.6,,,,,5.871,,6.903,6.123,5.481,5.957,5.448,5.177,4.883,4.118,3.162,2.579,2.425,2.5,2.54,2.51,,,,,,,,,,,6.069,3.935,4.355,4.877,5.556,4.794,4.019,4.251,4.51,4.711,4.821,4.606,4.646,4.574,4.619,4.841,4.967,5.091,5.186,5.064,4.655,4.489,4.33,4.026,3.819,3.603,3.51,3.364,3.075,2.665,2.356,2.237,2.17,2.124,2.018,1.852,1.803,1.729,1.756,1.729,1.737,1.721,1.693,1.691,1.604,1.496,1.145,,,,,,,,,,,,,,,,Austria,AT,CHAT,National,-,Total Number,Telegraph Traffic
Telegraph Traffic_Total Number_KE,,,,,,,,,,,,,,,,,,,,,,,,,,,,,,,,,,,,,,,,,,,,,,,,,,,,,,,,,,,,,,,,,,,,,,,,,,,,,,,,,,,,,,,,,,,,,,,,,,,,,,,,,,,,,,,,,,,,,,,,,,,,,,,,,,,,,,,,,,,,,,,,,,,,,,,,,,,,,,,,0.084,0.099,0.116,0.147,0.175,0.246,0.299,,,,,0.319,0.29,0.233,0.23,0.288,0.372,0.427,0.468,0.521,0.471,0.506,0.448,0.389,0.35,0.381,0.405,0.44,0.508,0.486,0.613,0.772,,1.018,1.101,1.039,0.889,0.977,1.004,,,,,,,,,,,,,,,,,,,,,,,,,,,,,,,,11.674,12.071,13.216,6.797,5.671,5.321,3.775,3.459,2.944,2.475,2.394,1.729,1.242,1.279,0.757,0.757,0.72,0.344,0.32,0.296,0.281,,,,,,,,,,Kenya,KE,CHAT,National,-,Total Number,Telegraph Traffic
Telegraph Traffic_Total Number_UG,,,,,,,,,,,,,,,,,,,,,,,,,,,,,,,,,,,,,,,,,,,,,,,,,,,,,,,,,,,,,,,,,,,,,,,,,,,,,,,,,,,,,,,,,,,,,,,,,,,,,,,,,,,,,,,,,,,,,,,,,,,,,,,,,,,,,,,,,,,,,,,,,,,,,,,,,,,,,,,,0.033,0.043,0.046,0.053,0.065,0.086,0.099,0.132,0.131,0.134,0.117,0.084,0.109,0.067,0.08,0.108,0.155,0.148,0.152,0.167,0.177,0.159,0.142,0.126,0.123,0.141,0.152,0.174,0.218,0.203,,,,,,,0.28,,,,,,,,,,,,,,,,,,,,,0.246,,0.24,0.254,0.252,0.236,0.244,,0.311,,,,,,,,,,,,,,,,,,,,,,,,,,,,,,,,,,,Uganda,UG,CHAT,National,-,Total Number,Telegraph Traffic
Telegraph Traffic_Total Number_RU,,,,,,,,,,,,,,,,,,,,,,,,,,,,,,,,,,,,,,,,,,,,,,,,,,,,,,,,,,,,,,,,,,,,,,,,,,,,,,,,,,,,,,,,,,,,,,,,,,,,,,,,,,,,,,,,,,,0.9,1.0,1.4,1.6,2.0,2.4,2.7,3.0,3.3,3.4,3.8,4.2,4.6,5.4,5.8,6.4,7.3,8.9,9.8,10.0,10.0,11.0,10.0,9.9,,,11.0,12.0,13.0,13.0,14.0,15.0,16.0,16.0,18.0,18.0,20.0,20.0,20.0,21.0,25.0,26.0,28.0,30.0,30.0,34.0,37.0,41.0,45.0,98.0,,,,,,,,,,,,,,,,,,,,,,,,,,,,,,,,,,,,,,,,,,,,,,,,,,,,,,,,,,,,,,,,,,,,,,,,,,,,,,,,,,,,,,,,,,,,,,,,Russia,RU,CHAT,National,-,Total Number,Telegraph Traffic
Telegraph Traffic_Total Number_GR,,,,,,,,,,,,,,,,,,,,,,,,,,,,,,,,,,,,,,,,,,,,,,,,,,,,,,,,,,,,,,,,,,,,,,,,,,,,,,,,,0.0,0.0,0.0,0.0,0.0,0.0,0.0,0.0,0.0,0.0,0.0,0.0,0.0,0.0,0.0,0.0,0.0,0.0,0.0,0.0,0.0,0.0,0.0,0.0,0.0,0.0,0.0,0.0,0.0,0.01,0.02,0.029,,0.057,0.062,0.085,0.103,0.107,0.101,0.112,0.127,0.145,0.189,0.195,0.201,0.24,0.244,,,0.367,0.37,0.481,0.494,0.543,0.564,0.55,0.756,0.734,0.905,0.875,0.984,0.899,1.036,1.163,1.141,,1.171,1.209,1.162,,,1.205,,1.308,1.311,1.413,1.541,1.608,1.429,1.516,1.734,1.701,1.702,,,2.931,2.916,3.45,4.452,4.773,5.123,5.042,5.231,5.05,5.974,6.532,5.928,4.716,4.663,4.678,4.578,4.258,4.463,4.549,4.65,4.083,5.239,4.901,4.884,5.088,,,,,,,,5.079,4.942,5.138,5.88,6.438,5.934,5.698,5.995,6.173,6.331,6.098,6.041,5.986,5.927,6.392,6.592,7.183,7.675,7.879,8.159,7.862,6.52,6.68,6.565,6.635,6.573,6.667,6.976,5.754,5.255,5.541,5.292,4.862,3.93,3.853,3.276,2.968,2.962,2.868,2.529,2.98,2.717,2.875,2.864,2.725,2.522,1.996,,,,,,,,,,,,,,,,Greece,GR,CHAT,National,-,Total Number,Telegraph Traffic
Telegraph Traffic_Total Number_SG,,,,,,,,,,,,,,,,,,,,,,,,,,,,,,,,,,,,,,,,,,,,,,,,,,,,,,,,,,,,,,,,,,,,,,,,,,,,,,,,,,,,,,,,,,,,,,,,,,,,,,,,,,,,,,,,,,,,,,,,,,,,,,,,,,,,,,,,,,,,,,,,,,,,,,,,,,,,,,,,,,,,,,,,,,,,,,,,,,,,,,,,,,,,,,,,,,,,,,,,,,,,,,,,,,,,,,1.16,1.101,1.126,1.043,1.126,1.111,1.155,1.086,1.068,1.101,1.216,1.113,0.908,0.853,0.845,0.784,0.747,0.701,0.611,0.483,0.414,0.379,0.307,0.301,0.273,0.267,0.24,0.221,0.205,,,,,,,,,,,,,,,,,,Singapore,SG,CHAT,National,-,Total Number,Telegraph Traffic
Telegraph Traffic_Total Number_CA,,,,,,,,,,,,,,,,,,,,,,,,,,,,,,,,,,,,,,,,,,,,,,,,,,,,,,,,,,,,,,,,,,,,,,,,,,,,,,,,,,,,,,,,,,,,,,,,,,,,,,,,,,,,,,,,,,,,,,,,,,,,,,,,,,,,,,,,,,,,,,,,,,,,,,,,,,,,,,,,,,,7.0,8.0,9.0,8.0,8.0,9.0,9.0,10.0,12.0,11.0,11.0,12.0,12.0,12.0,13.0,14.0,15.0,16.0,14.0,12.0,9.9,9.4,9.9,10.0,12.0,12.0,12.0,12.0,12.0,14.0,15.0,16.0,16.0,17.0,17.0,16.0,18.0,19.0,19.0,21.0,20.0,20.0,19.0,19.0,19.0,18.0,17.0,16.0,15.0,14.0,14.0,14.0,14.0,14.0,13.0,12.0,10.0,9.3,8.4,7.5,6.8,5.1,5.4,5.8,4.2,3.6,3.4,3.1,2.6,,,,,,,,,,,,,,,,,,,,,,,,,,,,,Canada,CA,CHAT,National,-,Total Number,Telegraph Traffic
Telegraph Traffic_Total Number_US,,,,,,,,,,,,,,,,,,,,,,,,,,,,,,,,,,,,,,,,,,,,,,,,,,,,,,,,,,,,,,,,,,,,,,,,,,,,,,,,,,,,,,,,,,,,,,,,,,,,,,,,,,,,,,,,,,,,,,6.0,7.0,8.0,9.0,11.0,12.0,14.0,16.0,17.0,19.0,22.0,25.0,26.0,30.0,34.0,40.0,42.0,43.0,43.0,44.0,48.0,52.0,55.0,57.0,61.0,64.0,69.0,61.0,59.0,61.0,59.0,64.0,63.0,65.0,68.0,71.0,72.0,70.0,69.0,73.0,77.0,64.0,70.0,77.0,,,,,,,132.0,137.0,143.0,160.0,144.0,155.0,165.0,170.0,193.0,219.0,219.0,229.0,256.0,232.0,201.0,158.0,159.0,170.0,192.0,211.0,220.0,204.0,208.0,208.0,227.0,236.0,248.0,243.0,257.0,234.0,238.0,213.0,196.0,201.0,204.0,176.0,186.0,177.0,180.0,179.0,172.0,159.0,159.0,153.0,146.0,141.0,134.0,127.0,124.0,123.0,119.0,116.0,109.0,102.0,75.0,69.0,67.0,71.0,68.0,67.0,68.0,72.0,76.0,75.0,74.0,65.0,53.0,48.0,42.0,29.0,25.0,,,,,,,,,,,,,,,,,,,,,,United States,US,CHAT,National,-,Total Number,Telegraph Traffic
Telegraph Traffic_Total Number_CM,,,,,,,,,,,,,,,,,,,,,,,,,,,,,,,,,,,,,,,,,,,,,,,,,,,,,,,,,,,,,,,,,,,,,,,,,,,,,,,,,,,,,,,,,,,,,,,,,,,,,,,,,,,,,,,,,,,,,,,,,,,,,,,,,,,,,,,,,,,,,,,,,,,,,,,,,,,,,0.026,0.039,0.042,0.045,0.05,0.069,0.11,,,,,,,,0.032,0.031,0.032,0.04,0.046,0.044,0.063,0.07,0.08,0.083,0.112,0.111,0.084,0.085,0.087,0.092,0.121,0.149,0.162,0.177,,,,,,0.316,0.439,0.33,,0.412,0.495,0.409,0.429,0.421,0.435,0.454,0.357,0.352,0.343,0.311,,,,,0.328,0.363,,,,0.31,0.327,0.295,0.272,0.284,,,,,,,,,,0.534,0.91,,,,,,,,,,,,,,,,,,,,,,,,,Cameroon,CM,CHAT,National,-,Total Number,Telegraph Traffic
Telegraph Traffic_Total Number_CI,,,,,,,,,,,,,,,,,,,,,,,,,,,,,,,,,,,,,,,,,,,,,,,,,,,,,,,,,,,,,,,,,,,,,,,,,,,,,,,,,,,,,,,,,,,,,,,,,,,,,,,,,,,,,,,,,,,,,,,,,,,,,,,,,,,,,,,,,,,,,,,,,,,,,,,,,,,,,,,,,,,,,,,,,,,,,,,,,,,,,,,,,,,,,,,,,,,,,,,,,,,,,,,,,,0.372,0.417,0.445,0.394,0.566,0.938,,0.325,0.347,0.365,0.446,0.506,0.57,0.611,0.718,0.784,,0.652,0.688,,,,,,,,,,,,,,,,,,,,,,,,,,,,,,,,Ivory Coast,CI,CHAT,National,-,Total Number,Telegraph Traffic
Telegraph Traffic_Total Number_IL,,,,,,,,,,,,,,,,,,,,,,,,,,,,,,,,,,,,,,,,,,,,,,,,,,,,,,,,,,,,,,,,,,,,,,,,,,,,,,,,,,,,,,,,,,,,,,,,,,,,,,,,,,,,,,,,,,,,,,,,,,,,,,,,,,,,,,,,,,,,,,,,,,,,,,,,,,,,,,,,,,,,,,,,,,,,,,,,,,,,,,,,,,,,,,,,,,,,,,,,0.877,0.98,1.145,1.074,0.954,0.938,0.981,0.78,1.043,1.049,1.018,1.121,1.203,1.247,1.383,1.388,1.447,1.3,,1.49,1.452,1.48,1.482,1.458,1.542,,1.656,1.564,1.473,1.441,1.355,1.112,1.061,,0.92,0.86,0.736,0.727,0.737,0.665,0.673,0.711,0.722,0.71,0.652,0.587,,,,0.368,0.313,0.313,,,,,,,,,Israel,IL,CHAT,National,-,Total Number,Telegraph Traffic
Telegraph Traffic_Total Number_FR,,,,,,,,,,,,,,,,,,,,,,,,,,,,,,,,,,,,,,,,,,,,,,,,,,,,,,,,,,,,,,,,,,,,,,,,,,,,,,,,,,,,,,,,,,,,,,,,,,,,,,,,,,,,,0.5,0.6,0.7,0.9,1.5,1.8,2.2,2.5,2.9,3.4,3.7,4.9,5.8,5.1,6.3,7.0,7.1,7.8,8.3,9.3,11.0,14.0,17.0,19.0,19.0,20.0,21.0,22.0,23.0,24.0,25.0,27.0,26.0,27.0,29.0,30.0,30.0,33.0,33.0,33.0,35.0,37.0,39.0,36.0,40.0,39.0,41.0,42.0,44.0,45.0,46.0,47.0,49.0,50.0,,,51.0,44.0,46.0,44.0,51.0,54.0,50.0,47.0,48.0,49.0,47.0,46.0,41.0,38.0,40.0,41.0,40.0,38.0,36.0,34.0,32.0,33.0,33.0,32.0,31.0,34.0,27.0,23.0,27.0,34.0,28.0,48.0,39.0,33.0,28.0,20.0,21.0,20.0,20.0,21.0,,22.0,23.0,23.0,21.0,20.0,19.0,20.0,21.0,21.0,22.0,21.0,22.0,21.0,21.0,23.0,23.0,24.0,23.0,23.0,21.0,20.0,19.0,18.0,18.0,16.0,14.0,13.0,12.0,12.0,12.0,13.0,12.0,12.0,12.0,12.0,12.0,11.0,11.0,11.0,,,,,,,,,,,,,,,,France,FR,CHAT,National,-,Total Number,Telegraph Traffic
Telegraph Traffic_Total Number_PK,,,,,,,,,,,,,,,,,,,,,,,,,,,,,,,,,,,,,,,,,,,,,,,,,,,,,,,,,,,,,,,,,,,,,,,,,,,,,,,,,,,,,,,,,,,,,,,,,,,,,,,,,,,,,,,,,,,,,,,,,,,,,,,,,,,,,,,,,,,,,,,,,,,,,,,,,,,,,,,,,,,,,,,,,,,,,,,,,,,,,,,,,,,,,,,,,,,,,,,2.788841,2.683956,3.112528,3.051402,3.268119,2.961103,3.154204,3.440381,3.729337,3.805744,4.012042,4.099562,4.008569,4.188472,4.749713,4.614959,4.401021,4.389907,4.575367,4.281549,4.50799,4.79,4.648,4.71,4.498,4.7,5.44,4.35,4.4,4.14,4.1,4.05,4.72,5.38,5.15,5.188868,4.916792,5.15,6.296604,5.927359,5.65,1.67,1.9,,,,,,,,,,,,,,,,,,,Pakistan,PK,CHAT,National,-,Total Number,Telegraph Traffic
Telegraph Traffic_Total Number_TG,,,,,,,,,,,,,,,,,,,,,,,,,,,,,,,,,,,,,,,,,,,,,,,,,,,,,,,,,,,,,,,,,,,,,,,,,,,,,,,,,,,,,,,,,,,,,,,,,,,,,,,,,,,,,,,,,,,,,,,,,,,,,,,,,,,,,,,,,,,,,,,,,,,,,,,,,,,,,0.017,0.028,0.025,0.022,0.031,0.034,0.04,,,,,,,,,,,,,,,,,0.061,,,0.026,0.024,0.019,0.016,0.017,0.022,0.022,0.021,,,,,,,0.075,0.163,0.159,0.083,0.1,0.105,0.095,0.096,0.073,0.084,0.088,0.089,0.089,0.089,0.094,0.095,0.082,0.088,,0.047,0.05,,,0.056,0.058,0.062,0.068,0.055,0.058,,0.087,0.093,0.063,0.06,0.035,0.053,0.056,0.05,0.032,,0.033,0.084,,,,,,,,,,,,,,,,,,,,,,Togo,TG,CHAT,National,-,Total Number,Telegraph Traffic
Telegraph Traffic_Total Number_ZW,,,,,,,,,,,,,,,,,,,,,,,,,,,,,,,,,,,,,,,,,,,,,,,,,,,,,,,,,,,,,,,,,,,,,,,,,,,,,,,,,,,,,,,,,,,,,,,,,,,,,,,,,,,,,,,,,,,,,,,,,,,,,,,,,,,,,,,,,,,,,,,,,,,,,,,0.1383544,0.1398146,0.1963975,0.2128248,0.1923819,0.2066189,0.2099044,0.2099044,0.2318075,0.2894855,0.3738123,0.4117777,0.4011912,0.385859,0.3836688,0.3270858,0.3332917,0.3460685,0.2719631,0.2668524,0.3004371,0.2533455,0.2336327,,0.35702,0.3862241,0.4190787,0.5004851,0.5592583,0.6001441,0.5745905,0.5026754,0.3986358,0.3960805,0.4241894,0.4559489,0.4982948,0.5300543,0.5300543,0.5504971,0.5340698,0.6983428,0.6935971,0.6596474,0.6359191,0.6892166,0.821,0.842,0.935,1.081,1.096,1.204,1.171,1.195,,,,,,,,,,,0.714,0.7,0.596,0.591,0.571,0.549,0.58,0.594,0.561,0.534,0.539,0.515,,,,0.486,0.497,0.443,0.444,0.41,0.365,0.358,0.303,,,,,,,,,,,,,,,,,,,,,,,Zimbabwe,ZW,CHAT,National,-,Total Number,Telegraph Traffic
Telegraph Traffic_Total Number_TN,,,,,,,,,,,,,,,,,,,,,,,,,,,,,,,,,,,,,,,,,,,,,,,,,,,,,,,,,,,,,,,,,,,,,,,,,,,,,,,,,,,,,,,,,,,,,,,,,,,,,,,,,,,,,,,,,,,,,,,,,,,,,,,,,,,,,,,,,,,,,,,,,,,,,,,,,,0.498,0.528,0.506,0.534,0.578,0.578,0.603,0.606,0.628,0.678,0.675,0.631,0.726,0.786,0.756,0.763,0.803,0.733,0.645,0.592,0.603,0.625,0.605,0.567,0.539,0.704,0.635,0.626,,0.603,0.668,0.664,0.655,0.638,0.685,0.646,0.824,0.996,0.722,0.649,0.405,0.528,0.788,0.818,0.838,0.718,0.521,0.564,0.551,0.522,0.508,0.533,0.554,0.601,0.47,0.454,0.42,0.392,0.397,0.365,0.335,,0.373,0.385,0.385,0.406,0.454,0.436,0.465,0.463,0.513,0.537,0.583,0.577,0.596,0.65,0.701,0.695,0.651,0.627,0.62,0.656,0.537,0.456,0.451,0.44,,,,,,,,,,,,,,,,,,,,,Tunisia,TN,CHAT,National,-,Total Number,Telegraph Traffic
Telegraph Traffic_Total Number_CSK,,,,,,,,,,,,,,,,,,,,,,,,,,,,,,,,,,,,,,,,,,,,,,,,,,,,,,,,,,,,,,,,,,,,,,,,,,,,,,,,,,,,,,,,,,,,,,,,,,,,,,,,,,,,,,,,,,,,,,,,,,,,,,,,,,,,,,,,,,,,,,,,,,,,,,,,,,,,,,,,,,,,,,,,,,,23.0,21.8,17.3,14.5,15.8,15.7,15.2,15.7,16.4,17.1,15.9,14.1,11.7,9.9,9.8,10.5,10.7,11.3,12.2,,,,,,,,6.4,,7.5,7.8,8.2,8.6,8.7,9.0,9.4,9.7,10.0,10.1,10.1,10.5,11.6,12.7,13.0,12.9,12.9,13.0,13.0,13.0,14.0,15.0,14.0,14.0,14.0,14.0,14.0,14.0,14.0,14.0,14.0,14.0,11.0,10.0,10.0,9.9,9.8,9.5,9.4,9.2,8.9,8.8,8.1,6.7,4.1,3.1,,,,,,,,,,,,,,,,Czechoslovakia,CSK,CHAT,National,-,Total Number,Telegraph Traffic
Telegraph Traffic_Total Number_PE,,,,,,,,,,,,,,,,,,,,,,,,,,,,,,,,,,,,,,,,,,,,,,,,,,,,,,,,,,,,,,,,,,,,,,,,,,,,,,,,,,,,,,,,,,,,,,,,,,,,,,,,,,,,,,,,,,,,,,,,,,,,,,,,,,,,,,,,,,,,,,,,,,,,,,,,,,,,,,,,1.2,1.5,1.7,1.7,1.7,1.9,1.5,1.5,1.9,1.9,1.9,1.7,1.7,,1.5,2.3,2.3,2.5,2.7,3.1,3.5,3.5,3.1,3.1,3.1,3.3,3.5,3.5,3.7,3.7,3.9,3.9,4.1,4.4,5.0,5.8,5.8,6.4,6.8,7.3,7.9,11.6,,7.3,7.9,8.3,8.7,9.3,9.5,10.0,10.2,,,,,,,,,,5.8,7.1,7.5,8.1,10.2,9.3,11.0,11.0,11.0,11.0,8.8,9.1,8.3,7.6,6.8,6.1,5.9,6.1,6.4,,,,,,,,,,,,,,,,,,,,,,Peru,PE,CHAT,National,-,Total Number,Telegraph Traffic
Telegraph Traffic_Total Number_SE,,,,,,,,,,,,,,,,,,,,,,,,,,,,,,,,,,,,,,,,,,,,,,,,,,,,,,,,,,,,,,,,,,,,,,,,,,,,,,,,,,,,,,,,,,,,,,,,,,,,,,,,,,0.057,0.11,0.164,0.163,0.161,0.149,0.159,0.197,0.214,0.228,0.308,0.394,0.46,0.467,0.527,0.554,0.615,0.732,0.855,0.913,0.934,0.923,0.954,0.875,0.808,0.926,1.05,1.104,1.136,1.107,1.096,1.101,1.118,1.285,1.605,1.648,1.738,1.754,1.75,1.697,1.789,1.868,1.991,2.156,2.338,2.354,2.422,2.401,2.478,2.582,2.743,3.001,3.297,3.357,3.488,3.663,3.885,4.354,4.508,5.17,6.159,6.544,6.63,6.469,7.881,7.903,6.418,5.945,5.879,5.882,6.02,6.037,6.068,6.178,6.158,5.88,5.552,4.857,4.707,4.681,4.754,4.831,5.061,5.023,5.554,5.064,4.838,5.107,5.55,5.051,6.836,7.554,7.834,7.765,7.711,8.118,8.252,7.788,7.431,7.408,7.413,7.384,7.308,6.699,6.455,6.441,6.319,6.212,6.021,6.021,5.931,5.911,5.575,5.18,4.849,4.568,4.169,3.465,3.329,2.611,2.298,1.903,1.48,0.973,0.841,0.755,0.688,0.597,0.498,0.442,0.409,0.362,0.336,0.312,0.278,0.236,0.249,,,,,,,,,,,,,,,,,,Sweden,SE,CHAT,National,-,Total Number,Telegraph Traffic
Telegraph Traffic_Total Number_TZ,,,,,,,,,,,,,,,,,,,,,,,,,,,,,,,,,,,,,,,,,,,,,,,,,,,,,,,,,,,,,,,,,,,,,,,,,,,,,,,,,,,,,,,,,,,,,,,,,,,,,,,,,,,,,,,,,,,,,,,,,,,,,,,,,,,,,,,,,,,,,,,,,,,,,,,,,,,,,,,,,,,,,,,,,,,0.15,0.262,0.236,0.145,0.183,0.24,0.234,0.255,0.297,0.32,0.313,0.248,0.217,0.188,0.199,0.216,0.253,0.311,0.333,0.336,,,,,,,,0.627,0.707,0.712,0.822,0.881,,0.83,0.803,0.699,,,,,,,,,,,0.469,,0.532,0.55,0.595,0.552,0.543,0.598,0.605,0.78,,,,,,,,,,,,,,,,,,,,,,,,,,,,,,,,,,Tanzania,TZ,CHAT,National,-,Total Number,Telegraph Traffic
Telegraph Traffic_Total Number_TW,,,,,,,,,,,,,,,,,,,,,,,,,,,,,,,,,,,,,,,,,,,,,,,,,,,,,,,,,,,,,,,,,,,,,,,,,,,,,,,,,,,,,,,,,,,,,,,,,,,,,,,,,,,,,,,,,,,,,,,,,,,,,,,,,,,,,,,,,,,,,,,,,,,0.411,0.825,0.965,0.936,1.001,0.966,0.921,1.027,0.985,0.968,0.936,0.935,0.967,1.002,1.273,1.626,1.784,1.827,1.836,1.715,1.839,2.193,2.389,2.964,2.993,2.798,2.506,2.545,2.672,2.801,2.814,2.893,2.976,3.043,3.023,3.031,3.2,3.153,3.4,3.896,3.845,4.183,,,,,,,,,,0.355,0.41,0.466,0.461,0.377,0.415,0.434,0.456,0.504,0.544,0.561,0.57,0.672,0.786,0.869,0.925,1.042,1.269,1.421,1.651,1.883,2.217,2.393,2.583,2.85,3.047,3.29,3.256,3.384,3.483,3.968,2.717,2.324,1.948,1.619,1.315,1.16,1.103,1.029,0.949,0.885,0.813,0.694,0.44,0.287,0.08,0.065,0.051,0.041,0.03,0.024,0.021,0.007,0.003,,,,,,,,,Taiwan,TW,CHAT,National,-,Total Number,Telegraph Traffic
Telegraph Traffic_Total Number_EG,,,,,,,,,,,,,,,,,,,,,,,,,,,,,,,,,,,,,,,,,,,,,,,,,,,,,,,,,,,,,,,,,,,,,,,,,,,,,,,,,,,,,,,,,,,,,,,,,,,,,,,,,,,,,,,,,,,,,,,,,,,,,,,,,,,0.5284553,,0.7083768,0.6055645,0.6384645,0.660055,0.676505,0.6189301,0.7495017,0.7813736,0.910917,1.41881,1.641913,1.850622,2.123074,2.451046,2.575448,2.659755,2.923982,3.151197,3.501787,4.493926,5.39045,,5.945636,6.450444,6.319873,6.34352,6.004239,4.663566,4.512432,4.859938,5.042944,5.045,4.025,4.478,4.847,5.108,5.819,6.058,6.041,5.611,5.439,5.789,6.503,6925.0,7.28,6.056,5.844,5.794,5.42,4.668,4.435,4.555,4.654,4.961,5.06,,5.225,5.359,7.243,9.032,9.791,8.093,5.624,7.464,7.249,6.316,5.749,6.052,6.283,5.934,6.201,6.009,6.160364,5.696506,5.634658,5.899952,,6.521686,6.118047,8.362471,8.543132,10.03562,10.79895,10.89009,10.14955,9.155099,8.749833,9.173002,9.763811,10.74198,11.91058,11.88291,12.83016,13.53815,13.56419,12.07822,12.73576,12.40699,,15.13969,15.68492,16.01206,17.17578,17.23112,28.23839,,,,,,,,,,,,,,,,,,,,,,,Egypt,EG,CHAT,National,-,Total Number,Telegraph Traffic
Telegraph Traffic_Total Number_FI,,,,,,,,,,,,,,,,,,,,,,,,,,,,,,,,,,,,,,,,,,,,,,,,,,,,,,,,,,,,,,,,,,,,,,,,,,,,,,,,,,,,,,,,,,,,,,,,,,,,,,,,,,,,,,,,,,,,,0.019,,,,0.02,0.022,0.028,0.033,0.046,0.076,0.083,0.092,0.083,0.08,0.102,0.137,0.154,0.159,,0.175,0.162,0.168,,0.196,0.201,0.205,0.217,0.221,0.22,0.214,0.227,0.246,0.264,,0.274,0.256,0.256,0.27,0.278,0.28,0.322,0.339,0.342,0.359,0.381,0.416,0.446,0.468,0.474,0.47,0.521,0.567,0.437,0.724,0.82,0.865,0.859,0.907,0.93,0.936,0.976,0.957,1.011,0.919,0.789,0.647,0.575,0.567,0.576,0.588,0.609,0.63,0.647,0.716,0.639,0.647,0.729,0.842,0.998,1.057,1.225,1.259,1.187,1.118,1.158,1.155,1.08,1.172,,1.235,1.211,1.171,1.11,1.164,1.15,1.174,1.166,1.129,1.121,1.121,1.115,1.064,1.074,1.061,1.083,1.055,1.052,0.944,0.94,0.912,0.854,0.818,0.832,0.82,0.797,0.771,0.752,0.725,0.683,0.661,0.536,0.577,0.544,0.575,0.477,0.048,,,,,,,,,,,,,,,,,,Finland,FI,CHAT,National,-,Total Number,Telegraph Traffic
Telegraph Traffic_Total Number_NG,,,,,,,,,,,,,,,,,,,,,,,,,,,,,,,,,,,,,,,,,,,,,,,,,,,,,,,,,,,,,,,,,,,,,,,,,,,,,,,,,,,,,,,,,,,,,,,,,,,,,,,,,,,,,,,,,,,,,,,,,,,,,,,,,,,,,,,,,,,,,,,,,,,,,,,,0.0488535,0.0468994,0.055693,0.0664408,,0.2667401,0.3370892,0.4562917,0.5403197,0.6067605,0.6585452,0.7503898,0.8989044,0.8129223,0.3732408,0.3839885,0.3986446,0.4406586,0.5041682,0.5969898,0.5735402,0.5686548,0.5881962,0.6292331,0.697628,0.7298713,0.7855643,0.8598217,0.8266013,0.8432115,0.767,0.619,0.595,0.569,0.586,0.719,0.845,0.792,0.755,0.903,1.087,1.423,1.562,1.52,1.477,1.837,1.893,1.945,1.961,2.101,2.265,2.234,2.192,2.234,2.582,2.637,2.609,2.135,2.036,2.125,2.041,3.72,1.912,1.819,1.828,,,,1.052,1.2,1.291,1.485,,,,,,,,,,,,,,,,,,,,,,,,,,,,,,,,,,,,,Nigeria,NG,CHAT,National,-,Total Number,Telegraph Traffic
Telegraph Traffic_Total Number_GY,,,,,,,,,,,,,,,,,,,,,,,,,,,,,,,,,,,,,,,,,,,,,,,,,,,,,,,,,,,,,,,,,,,,,,,,,,,,,,,,,,,,,,,,,,,,,,,,,,,,,,,,,,,,,,,,,,,,,,,,,,,,,,,,,,,,,,,0.1,0.1,0.1,0.1,0.1,0.1,0.1,0.1,0.1,0.1,0.1,0.1,0.1,0.1,0.1,0.1,0.1,0.1,0.1,0.1,0.1,0.1,0.1,0.1,0.1,0.1,0.1,0.1,0.1,0.1,0.1,0.1,0.1,0.1,0.1,0.1,0.1,0.1,0.1,0.1,0.1,0.1,0.1,0.1,0.1,0.1,0.1,0.1,0.1,0.1,0.1,0.1,0.1,0.1,0.1,,,,,0.1,0.2,0.1,0.2,0.2,0.2,0.2,0.2,0.1,0.1,0.1,0.1,0.1,0.1,0.2,,,,,,,,,,,,,,,,,,,,,,,,,,,,,,,,,,,,,,,,,,,,,,,,,,,,Guyana,GY,CHAT,National,-,Total Number,Telegraph Traffic
Telegraph Traffic_Total Number_ES,,,,,,,,,,,,,,,,,,,,,,,,,,,,,,,,,,,,,,,,,,,,,,,,,,,,,,,,,,,,,,,,,,,,,,,,,,,,,,,,,0.0,0.0,0.0,0.0,0.0,0.0,0.0,0.0,0.0,0.0,0.0,0.0,0.0,0.0,0.0,0.0,0.0,0.0,0.0,0.0,0.0,0.0,0.0,0.0,0.0,0.003,,,,,0.316,0.454,0.496,0.555,0.747,0.956,0.855,0.742,0.752,0.748,1.05,,,,0.938,1.6,1.6,,2.1,,2.3,2.6,2.9,3.2,3.2,3.3,3.6,3.8,4.1,4.2,4.5,4.9,5.4,4.3,5.0,5.4,5.5,5.4,5.5,5.1,5.1,4.6,4.7,4.8,4.9,5.2,5.2,5.6,6.0,6.3,6.7,6.4,7.0,7.4,7.6,7.7,8.9,10.6,11.0,13.2,14.6,15.7,15.1,14.6,16.0,15.7,15.7,14.6,14.0,13.8,13.5,13.3,11.7,11.8,14.1,14.6,,,,,15.0,17.0,14.3,17.7,18.3,20.7,23.2,23.5,22.9,21.9,22.2,23.6,24.6,24.6,23.8,22.4,23.7,24.5,23.7,22.6,21.2,21.6,23.1,24.2,25.2,27.0,27.0,25.0,24.0,24.0,23.0,22.0,21.0,20.0,20.0,19.0,18.0,20.0,19.0,20.0,15.0,14.0,14.0,13.0,13.0,13.0,12.0,12.0,14.0,14.0,14.0,14.0,14.0,14.0,,,,,,,,,,,,,,,,Spain,ES,CHAT,National,-,Total Number,Telegraph Traffic
Telegraph Traffic_Total Number_MW,,,,,,,,,,,,,,,,,,,,,,,,,,,,,,,,,,,,,,,,,,,,,,,,,,,,,,,,,,,,,,,,,,,,,,,,,,,,,,,,,,,,,,,,,,,,,,,,,,,,,,,,,,,,,,,,,,,,,,,,,,,,,,,,,,,,,,,,,,,,,,,,,,,,,,,,,,,,,,,,,,,,,,,,,,,,,,,,,,,0.081,0.088,0.088,0.09,0.086,0.075,0.071,0.086,0.109,0.116,0.055,0.066,,,,,,,,0.168,0.169,0.225,0.239,0.24,0.242,0.218,,,,,,,,,,,0.107,0.086,0.1,0.109,0.169,0.176,0.19,0.2,0.251,0.174,0.291,0.17,0.109,0.101,0.15,,,,,,,,0.22,0.182,,,,,,,,,,,,,,,,,,,,,,Malawi,MW,CHAT,National,-,Total Number,Telegraph Traffic
Telegraph Traffic_Total Number_CL,,,,,,,,,,,,,,,,,,,,,,,,,,,,,,,,,,,,,,,,,,,,,,,,,,,,,,,,,,,,,,,,,,,,,,,,,,,,,,,,,,,,,,,,,,,,,,,,,,,,,,,,,,,,,,,,,,,,,,,,,,,,,,,,,,,,,,,,,,0.6,,,,,,,,,,,,,1.3,1.4,1.4,1.5,1.3,1.6,2.0,2.1,2.2,2.5,2.3,2.3,2.5,2.4,2.5,2.5,2.7,3.0,3.2,3.3,3.5,3.1,3.2,3.4,3.7,3.8,3.6,3.6,3.8,3.9,3.9,3.2,3.1,3.3,3.6,3.7,4.2,4.6,4.3,4.4,4.0,4.2,4.5,4.8,5.1,,5.9,6.6,5.6,5.6,,5.8,,,,,7.9,5.9,6.6,6.7,5.9,5.5,5.1,5.1,5.7,,7.1,,,5.1,5.3,6.3,6.7,7.5,6.2,4.9,4.7,5.1,4.1,4.5,4.2,3.6,3.0,2.7,2.9,3.0,2.8,2.1,2.2,2.4,2.7,2.2,2.1,1.7,,,,,,,,,,,,,,,,Chile,CL,CHAT,National,-,Total Number,Telegraph Traffic
Telegraph Traffic_Total Number_AO,,,,,,,,,,,,,,,,,,,,,,,,,,,,,,,,,,,,,,,,,,,,,,,,,,,,,,,,,,,,,,,,,,,,,,,,,,,,,,,,,,,,,,,,,,,,,,,,,,,,,,,,,,,,,,,,,,,,,,,,,,,,,,,,,,,,,,,,,,,,,,,,,,,,,,,,,,,,,,,,,,,,,,,,,,,,,,,,,,,0.138,0.124,0.183,,,,0.089,0.076,0.06,0.078,0.076,0.092,0.09,0.104,0.151,0.189,0.199,0.216,0.223,0.235,0.259,0.276,0.285,0.312,0.318,0.329,0.355,0.38,0.408,0.411,0.449,0.448,0.459,0.501,0.508,0.507,0.51,0.526,0.548,0.584,0.566,0.61,0.601,0.65,0.691,,0.809,0.358,,0.274,0.182,0.182,0.19,0.198,,,,,,,,,,,,,,,,,,,,,,,,,,,,Angola,AO,CHAT,National,-,Total Number,Telegraph Traffic
